{"?d?d?d?d?l?l?l?d": -8.6, "?l?l?l?l?l?l?l?d": -905.5, "?l?d?l?d?l?u?s?u": -0.0, "?s?u?l?u?d": -0.0, "?d?u?l?d?d?s": -0.0, "?s?s?l?d?d?u?l?s": -0.0, "?l?s?l?l?l?l?l?d": -0.06756756756756757, "?d?s?l?d?l?l?l?d": -0.0, "?l?l?l?l?d?u?l?s": -0.0, "?u?s?d?d?l?l?l?d": -0.0, "?d?d?d?d?l": -39.0, "?s?u?l?u?d?l?l?d": -0.0, "?l?s?d?d?l?l?l?d": -0.0, "?l?d?l?l?l?l?l?d": -10.541666666666666, "?u?s?d?d?d?s": -0.0, "?u?d?l?l?l": -3.4, "?l?l?l?l": -2493.2, "?u?s?l?l?l?l?l?d": -0.013513513513513514, "?d?d?l?s?l?l?l?d": -0.0, "?l?l?u?l": -1.0, "?l?s?l?l?u?l?l?d": -0.0, "?d?d?d?l?l?l?l?d": -7.0, "?l?l?l?d?l": -70.0, "?l?u?l?l?l?l?l?d": -0.1016949152542373, "?l?l?l?l?l?s?l?d": -0.11764705882352941, "?u?l?l?l?l?l?l?d": -65.12068965517241, "?l?l?l?l?l": -4385.666666666667, "?l?l?u?l?d?l?l?d": -0.041666666666666664, "?l?l?l?l?l?d?l?d": -15.24, "?l?l?u?l?s": -0.0, "?l?l?u?l?l?l?d?d": -0.25, "?l?l?l?l?u": -6.0, "?l?l?l?l?u?l?l?d": -0.3103448275862069, "?s?l?l?u": -0.0, "?l?l?l?l?d?l?l?d": -13.833333333333334, "?l?l?u?l?l?s?l?d": -0.0, "?l?l?l?d?l?l?l?d": -38.6875, "?l?l?u?l?l": -4.4, "?l?l?l?l?s": -1.0, "?l?l?l?l?d": -601.6, "?s?l?l?l?l": -1.5, "?d?l?l?u?l": -2.5, "?l?l?l?l?l?u?l?d": -0.21875, "?l?d?l?l?l": -55.5, "?l?l?s?l?l": -1.1666666666666667, "?l?l?l?u?l": -5.8, "?l?s?l?l?l": -3.3333333333333335, "?u?l?l?l?l": -319.0, "?l?u?l?u?l": -4.5, "?l?l?l?s?d": -1.4, "?l?l?l?l?l?d": -2574.6666666666665, "?l?u?l?l?l": -9.2, "?l?u?l?s?l": -0.0, "?l?l?s?l?s": -0.2, "?l?l?d?l?l": -70.8, "?l?l?l?l?l?u?u?d": -0.29310344827586204, "?l?l?u?l?l?u?l?d": -0.3157894736842105, "?l?l?l?s?l": -2.1666666666666665, "?l?u?l?d?l": -2.4, "?l?l?l?u?u": -4.833333333333333, "?l?l?l?d?u": -3.0, "?l?d?l?l": -24.5, "?l?s?s?l?l": -0.2, "?l?s?d?l?l": -0.16666666666666666, "?l?d?s?l?l": -0.0, "?l?l?u?d?l": -1.6666666666666667, "?l?s?s?l?l?s?l?d": -0.0, "?d?l?l?l?l": -46.833333333333336, "?l?d?l?d?l": -24.8, "?l?l?d?u?l": -3.8, "?u?l?l?l?l?u?l?d": -1.0, "?l?l?l?l?l?u": -15.0, "?u?l?l?l?u": -6.166666666666667, "?l?u?l?l?d": -4.0, "?l?s?l?l?s": -0.0, "?d?l?l?l?s": -0.0, "?l?l?u?l?u": -3.7142857142857144, "?s?l?l?l?l?u?l?d": -0.0, "?d?s?l?l?l": -0.0, "Solution": "Solution(variables=[1, 1, 1, 1, 1, 0, 1, 3],score=[-4385.666666666667],constraints=[])"}