{
    "?d?s?l?d?l?s": -0.0,
    "?s?l?s?u": -0.0,
    "?l?s?l?s?s?l?s": -0.0,
    "?u?l?l?u?l?l": -57.833333333333336,
    "?d?l?u?s?u?s?u": -0.0,
    "?s?d?u?d?l?d?l": -0.0,
    "?l?s?l?d?l?l?u": -0.0,
    "?u?d?s?s?u": -0.0,
    "?s?l?d?u": -0.0,
    "?u?s?d?u?l?s": -0.0,
    "?s?d?s?d?l?d?l": -0.0,
    "?s?l?l?u?u?l": -0.0,
    "?u?l?s?u?u?l?l?l": -0.0,
    "?s?s?l?d?l?l?u": -0.0,
    "?l?l?d?u": -1.4,
    "?s?l?l?u?l?l": -0.0,
    "?u?l?s?u?s?l?l?l": -0.0,
    "?l?l?s?u": -0.0,
    "?l?s?u": -0.0,
    "?l?s?l?d": -0.0,
    "?l?u?d?u?l?l?u": -0.42857142857142855,
    "?s?s?s?u": -0.0,
    "?l?l?d?u?s?l?d?s": -0.0,
    "?u?l?d?u?l?l": -3.1666666666666665,
    "?l?l?l?u?l?l": -8.666666666666666,
    "?u?l?l?u?l?l?d?l": -0.7894736842105263,
    "?u?u?l?u?l?l": -3.6666666666666665,
    "?u?l": -0.0,
    "?u?l?l?u?l?s": -0.0,
    "?u": -0.0,
    "?u?l?l?u?l?l?l?l": -4.1875,
    "?u?l?l?l?l?l": -795.8333333333334,
    "?u?l?l?s?l?l": -0.0,
    "?u?l?l?u?d?l": -1.3333333333333333,
    "?d?l?u": -0.0,
    "?u?s?l?u?l?l": -0.0,
    "?u?l?s?l?u?l": -0.16666666666666666,
    "?u?l?l?l?d?l": -7.666666666666667,
    "?u?l?l?l?l?l?s?l": -0.06451612903225806,
    "?l?l?l": -75.66666666666667,
    "?l?l?l?l?l?l": -17761.8,
    "?u?l?l?u?s?l": -0.16666666666666666,
    "?l?s?l?l?l?l": -8.833333333333334,
    "?s?l?l?l?l?u": -0.0,
    "?u?l?l?l?l?l?u?l": -1.6875,
    "?s?l?l?l?l?l": -4.0,
    "?u?l?l?l?l?l?l?l": -124.45454545454545,
    "?u?l?l?l?l?d": -303.0,
    "?d?l?l?l?l?l": -252.0,
    "?u?l?l?l": -120.0,
    "?u?l?l?l?l?u": -59.0,
    "?u?l?l?l?s?l": -0.16666666666666666,
    "?l?l?l?l?l": -4385.666666666667,
    "?u?l?l?l?l": -265.8333333333333,
    "?u?l?l": -3.5,
    "?l?l": -0.0,
    "?l?l?l?l?l?d": -2574.6666666666665,
    "?l?u?l?l?l?l": -9.2,
    "?s?l?l?l?l?l?l?l": -0.575,
    "?l?l?s?l?l?l": -8.0,
    "?s?d?l?l?l?l": -0.16666666666666666,
    "?l?l?l?l?l?l?l?l": -2762.969696969697,
    "?d?l?l?l?d?l": -16.333333333333332,
    "?l?u?l?l?l?u": -4.666666666666667,
    "?l?l?l?d?u?l": -2.4,
    "?l?d?l?l?l?l": -160.83333333333334,
    "?l?l?l?s?l?l": -5.166666666666667,
    "?l?s?l?l?l": -3.3333333333333335,
    "?l?l?l?l?s?l": -7.166666666666667,
    "?l?l?l?l": -2077.6666666666665,
    "?l": -0.0,
    "?l?l?l?d": -150.83333333333334,
    "?l?l?l?l?l?s": -17.166666666666668,
    "?l?l?u?l?l?l": -5.5,
    "?l?l?l?l?l?l?u?l": -0.6875,
    "?l?l?l?d?l?l": -222.2,
    "?l?l?l?l?l?l?d?l": -115.83333333333333,
    "?l?l?l?l?l?l?s?l": -1.1363636363636365,
    "?l?l?l?l?l?u": -12.5,
    "?l?l?d?l?l?l": -201.16666666666666,
    "?l?s": -0.0,
    "?l?l?l?l?u?l": -6.833333333333333,
    "?l?l?l?l?d?l": -203.5,
    "?s?l?u?l?l?l": -0.0,
    "?l?l?u?l?l?s": -0.0,
    "?l?l?l?d?l?l?l?l": -27.716666666666665,
    "?l?l?l?s": -1.6666666666666667,
    "?l?l?l?s?l?l?u?l": -0.0,
    "?d?l?s?l?l?l": -0.14285714285714285,
    "?l?l?l?u?l?l?d?l": -0.08333333333333333,
    "?u?l?l?d?l?l": -9.8,
    "?l?u?l?l?l": -7.666666666666667,
    "?d?l?l?l?l?l?d?l": -2.28,
    "?l?l?u?l?u?l": -4.833333333333333,
    "?l?l?l?d?s?l": -0.16666666666666666,
    "?s?l?l?l?l?l?u?l": -0.0,
    "?l?l?l?u?u?l": -3.6666666666666665,
    "?l?l?s?l?l?d": -1.2,
    "?u?l?l?d?l?l?l?l": -0.847457627118644,
    "?l?l?d?l?l?l?s?l": -0.0,
    "?l?d?l?l?l": -37.0,
    "?l?l?d?l?s?l": -0.0,
    "?l?l?d?l?d?l": -44.6,
    "?l?d?l?l?l?l?s?l": -0.16666666666666666,
    "?l?s?s?l?l?l": -0.5,
    "?l?u?l?l?l?d": -2.1666666666666665,
    "Solution": "Solution(variables=[1, 1, 1, 1, 1, 1, 0, 1],objectives=[-17761.8],constraints=[])"
}