{"?d?l?d?l?l?l?l?l": -8.75, "?l?l?d?l?d?l": -55.75, "?d?l?d?d?s?l?u?d": -0.0, "?d?s?l?d?s?s?s?d": -0.0, "?s?s?s?s?l?l": -1.0, "?l?u?d?u?u?l?u": -0.2857142857142857, "?s?s?l?s?l?l": -0.0, "?s?d?u?u?u?l?u": -0.0, "?d?s?l?d?d?u?s?d": -0.0, "?d?l?d?l?d?l": -47.666666666666664, "?s?s?s?s?l?l?d?l": -0.0, "?s?s?l?s?l?l?l?l": -0.0, "?s?s?d?s?u?l?u": -0.0, "?l?u?d?u?l?l": -2.6, "?l?d?d?u?u?l?u": -0.3333333333333333, "?s?s?s?u?l?l": -0.0, "?d?u?u?u?l?l": -0.3333333333333333, "?d?s?d?l?l?l?l?l": -0.0, "?l?l?d?l?l?l?l?l": -84.92307692307692, "?d?l?d?l?d?u?l": -0.6, "?l?u?d?u?d?l": -1.2, "?l?l?d?l?s?l?l?l": -0.10526315789473684, "?d?l?d?l?l?l?d?l": -1.25, "?d?d?l?l?d?l?u": -0.0, "?l?s?d?l?d?l": -0.0, "?l?l?d?l?d?u": -0.75, "?u?l?d?l?u?l": -4.4, "?l?l?d?u?d?d": -0.6, "?l?l?d?l?l": -70.8, "?l?l?d?d?l?l?l?l": -52.7, "?l?d?d?l?s?l?s": -0.0, "?l?l?d?l?d": -12.666666666666666, "?l?l?d?s?d?l": -0.0, "?l?l?d?l?l?s?l?l": -0.0, "?l?s?d?l?l?l?l?l": -0.058823529411764705, "?l?l?d?u?d?l": -0.6, "?s?l?d?l?d?l": -0.0, "?u?l?d?l?l?l?l?l": -2.5, "?l?l?l?s?l?l?l?l": -1.1571428571428573, "?s?l?d?l?l?l?l?l": -0.0, "?l?l?d?l?l?l": -201.16666666666666, "?l?l?l?l?l?l?l?l": -2762.969696969697, "?l?l?d?l?l?l?d?l": -25.4, "?l?l?s?l?l?d?l?l": -0.0, "?l?l?d?u?l?l?l?l": -0.7142857142857143, "?l?l?d?s?l?l?l?l": -0.0, "?l?u?d?l?l?l": -2.5, "?l?l?l?l?l?l?d?l": -23.96551724137931, "?u?l?d?d?l?l": -5.8, "?l?l?l?u?l?l?l?l": -1.0, "?l?l?l?l?l?s?l?l": -1.1267605633802817, "?l?l?l?d?l?l?l?l": -28.1864406779661, "?l?l?s?l?l?l?l?l": -1.2758620689655173, "?l?d?l?l?l?l?l?l": -70.1875, "?l?l?d?l": -39.666666666666664, "?l?l?l?l?l?l": -17761.8, "?l?l?l?l?l?l?u?l": -1.0, "?l?l?l?l?l?u?d?l": -0.13559322033898305, "?l?l?u?l?l?l?l?l": -1.1935483870967742, "?l?l?l?l?l?l?s?l": -0.704225352112676, "?l?d?l?l?l?l?u?l": -0.38461538461538464, "?l?l?l?l?d?l": -244.2, "?l?l?l?d?l?l?d?l": -12.52, "?s?l?l?s?l?l": -0.0, "?l?l?l?u?l?l": -8.666666666666666, "?l?l?l?l?d?l?d?l": -14.958333333333334, "?l?d?l?l?d?l": -60.0, "?d?l?u?l?l?l": -0.4, "?l?s?l?l?l?l?u?l": -0.0, "?d?l?l?l?l?l": -302.4, "?s?l?l?l?u?l": -0.16666666666666666, "?l?l?d?l?u?l": -3.75, "?l?u?l?l?l?l": -7.666666666666667, "?u?l?l?l?l?l": -955.0, "?l?s?l?l?l?l": -10.6, "?l?l?s?l?l?d": -1.2, "?l?l?s?l?l?l": -9.6, "?l?l?l?l?l?u": -12.5, "?s?l?l?l?l": -2.25, "?l?l?l?s?l?l": -5.166666666666667, "?l?l?l?l?u?l": -6.833333333333333, "?l?l?l?l?l": -4385.666666666667, "?l?l?l?l?l?d": -3089.6, "?d?l?l?d?l?l": -20.0, "?l?d?l?l?l?l": -193.0, "?d?l?l?l?d?l": -16.333333333333332, "?l?l?l?d?l?l": -222.2, "?l?l?s?l?s?l": -0.5, "?l?l?l?l": -2493.2, "?l?l?l?l?l?s?u?l": -0.0, "?s?l?l?l?l?l": -4.0, "?l?l?d?l?l?l?u?l": -0.6363636363636364, "?l?l?l?l?l?s": -14.714285714285714, "?l?l?u?l?l?l": -5.5, "?s?l?u?l?l?l": -0.0, "?d?l?l?l": -26.4, "?l?l?u?s?l?l": -0.0, "?l?s?l?l?l?s": -0.16666666666666666, "?s?l?d?l?l?d": -0.0, "?s?l?l?l": -0.6, "?u?u?l?l?l?l": -15.6, "?l?l?l?l?d?s": -0.4, "?d?l?l?l?l?l?l?l": -137.0, "?u?l?l?u?l?l": -57.833333333333336, "?l?l?l?l?s?l": -8.6, "?s?l?l?l?l?l?d?l": -0.0, "?l?l?l?d?l?d": -66.0, "?l?l?d?s?l?l": -0.6, "?d?l?l?l?l": -56.2, "?s?l?d?l?l?l": -0.0, "?u?l?l?l?l?d": -363.6, "Solution": "Solution(variables=[1, 1, 1, 1, 1, 1, 0, 1],score=[-17761.8],constraints=[])"}