{"?d?d?d?d?u?u?u": -3.8333333333333335, "?d?l?l?l": -26.4, "?s?s?l?l?l?d?d": -0.0, "?u?u?u?l?l?u": -8.8, "?l?u?s?s?u?u?s?d": -0.0, "?d?d?d?d?u?u?l?d": -0.16666666666666666, "?l?u?u?l?l?u?u": -0.3333333333333333, "?d?d?l?l": -12.166666666666666, "?d?d?l?l?u": -3.8, "?d?l?d?l": -3.0, "?d?u?l?l": -0.8333333333333334, "?d?l?u?l": -0.0, "?d?l?l?l?l": -46.833333333333336, "?u?l?l?l?l": -265.8333333333333, "?d?l?l?l?d": -8.666666666666666, "?d?l?l?u?l": -2.0, "?d?l?l?d?l": -3.5, "?d?l?u?s?l": -0.0, "?d?s?l?l?l": -0.0, "?d?l?l?l?l?s": -0.16666666666666666, "?d?d?l?l?l?u": -1.4, "?u?l?d?l?l": -4.0, "?u?u?l?l?l": -9.6, "?u?d?l?l?l": -3.4, "?u?l?l?l?s": -0.16666666666666666, "?u?l?l?d?l": -6.0, "?u?l?l?l?d": -113.4, "?u?l?u?l?l": -7.8, "?u?s?l?l?l": -0.3333333333333333, "?u?l?l?s?l": -0.0, "?u?l?l?d?l?u": -2.4, "?u?d?l?d?l?l": -1.1428571428571428, "?s?l?l?l?l": -1.8, "?u?s?l?l?l?u": -0.3333333333333333, "?l?s?l?l?l": -5.0, "?l?l?l?l?l": -4385.666666666667, "?u?l?l?l?l?s": -2.0, "?u?l?l?u?l": -7.5, "?u?l?l?l?l?d": -303.0, "?u?l?l?l": -180.0, "?u?l?l?l?u": -6.166666666666667, "?l?l?l?s?l": -2.6, "?l?l?l?u?l": -4.833333333333333, "?l?l?s?l?l": -1.1666666666666667, "?l?l?l?l?l?u?s": -0.0, "?l?l?l?s?u": -0.0, "?l?l?l?d?l": -70.0, "?l?u?l?l?l": -7.666666666666667, "?l?d?l?l?l?d?s": -0.0, "?l?l?l?l?l?l": -14801.5, "?l?l?l?l": -2493.2, "?l?l?l?l?l?l?l": -5875.090909090909, "?l?u?l?l?l?l": -7.666666666666667, "?l?l?l?l?d?l": -244.2, "?s?l?l?l?l?l": -4.0, "?l?s?l?l?l?l": -10.6, "?l?l?l?l?l?d": -2574.6666666666665, "?l?u?u?l?l?l": -5.833333333333333, "?l?l?l?l?l?l?s": -14.0, "?d?l?l?l?l?l": -252.0, "?l?l?d?l?l?l": -301.75, "?l?l?l?l?s?l": -7.166666666666667, "?l?l?l?l?l?u": -15.0, "?l?l?u?l?l?l": -5.5, "?l?l?l?l?l?l?u": -6.0, "?l?l?l?d": -181.0, "?l?u?l?l?l?d": -2.1666666666666665, "?l?l?l?l?u?l": -8.2, "?s?l?l?l?d?l": -0.0, "?l?l?l?l?s?l?d": -0.5714285714285714, "?d?l?u?l?l?l": -0.3333333333333333, "?u?l?l?l?l?l": -795.8333333333334, "?l?l?l?l?l?s": -17.166666666666668, "?l?l?l?l?l?l?d": -1816.625, "?l?l?s?l?l?l": -9.6, "?l?l?l?u?l?l": -8.666666666666666, "?l?l?l?s?l?l?d": -1.4285714285714286, "?s?l?l?l?l?l?d": -0.3333333333333333, "?l?l?d?l?l?l?l": -87.57142857142857, "?l?l?l?s?l?l": -6.2, "?l?l?u?l?d?l": -1.5, "?u?l?l?d?l?l": -12.25, "?l?l?d?l?u?l": -2.5, "?l?l?l?d?l?l": -222.2, "?l?d?l?l?l?l": -160.83333333333334, "?d?l?s?l?l?l": -0.16666666666666666, "?l?d?l?l?l?l?l": -75.33333333333333, "?u?l?l?u?l?d": -2.8, "?l?s?l?l?l?u": -0.4, "?l?l?l?l?s?l?l": -4.444444444444445, "?d?l?l?l?d?l": -19.6, "?u?l?l?l?u?l": -47.5, "?l?u?l?s?d?l": -0.0, "?u?l?l?l?u?s": -0.0, "Solution": "Solution(variables=[1, 1, 1, 1, 1, 1, 0, 0],score=[-14801.5],constraints=[])"}