{"?d?d?l?l?l?l?l?d": -15.571428571428571, "?u?l?l?d?d?d": -29.833333333333332, "?s?d?u?l?s?l?d?l": -0.0, "?u?l?u?d?s": -0.0, "?s?u?l?s?l?l?d?s": -0.0, "?u?l?l?d?s?d": -0.0, "?s?l?u?d?l": -0.0, "?d?d?l?l?s?l?l?d": -0.0, "?u?s?l?d?d?d": -0.0, "?l?d?l?l?l?l?l?d": -25.3, "?d?d?l?l?u?l?l?d": -0.07692307692307693, "?l?u?l?d?d?d": -3.25, "?u?l?l?d?l?d?l?d": -0.375, "?d?d?d?l?d?d": -11.8, "?u?l?l?s?d?d": -6.666666666666667, "?u?l?l?d?u?d": -2.0, "?u?l?s?d?d?d": -0.0, "?u?l?l?d": -3.2, "?u?l?l?l?d?d": -91.8, "?u?l?l?d?d": -6.0, "?u?d?l?d?d?d?l": -0.2, "?u?l?l?d?d?d?l": -0.3333333333333333, "?d?l?l?l?d": -10.4, "?d?l?l?l?d?d": -12.142857142857142, "?u?l?l?l?d?d?d": -49.166666666666664, "?u?l?l?l?d?d?s": -0.16666666666666666, "?u?l?l?d?l?d": -2.25, "?u?l?l?l?s?d": -0.6666666666666666, "?u?l?l?l?u?d": -5.6, "?u?l?l?l?s": -0.16666666666666666, "?u?d?l?l?d?d": -0.3333333333333333, "?u?u?l?l?d?d": -2.5, "?u?l?l?s?s?l": -0.0, "?u?l?u?l?d?d": -3.3333333333333335, "?u?l?l?l?s?d?u": -0.0, "?u?l?l?l?d?s": -0.0, "?u?l?l?l?d": -113.4, "?u?l?s?l?d": -0.0, "?u?l?l?l?u": -6.166666666666667, "?u?l?l?l": -120.0, "?u?l?l?u?d": -3.8, "?u?l?d?l?d": -2.2, "?u?l?l?l?l?d": -303.0, "?u?l?d?l": -1.4, "?u?l?l?u": -4.5, "?u?s?l?l": -0.2, "?l?s?l?l": -0.6666666666666666, "?u?l?l?l?l?u?u": -2.857142857142857, "?u?u?l?l?s?d": -0.0, "?u?l?l?l?s?d?d": -2.6, "?l?l?l?l?l?d?s": -0.5714285714285714, "?u?l?l?l?l?d?l": -6.6, "?u?l?s?l": -0.0, "?u?u?l?l?l?d": -2.6666666666666665, "?u?l?l?l?l?s?s": -0.0, "?u?l?l?l?l?d?s": -0.5, "?u?d?l?l?l?d": -1.0, "?u?l?s?l?l?d": -0.0, "?u?l?d?l?l?d": -1.8333333333333333, "?s?l?l?l?l?d": -0.4, "?u?d?u?l?l?d": -0.6, "?u?s?l?l?l?d": -0.0, "?u?l?l?l?l?u?d": -2.3333333333333335, "?u?l?u?l?l?d?u": -0.7142857142857143, "?l?l?l?l?l?d": -2574.6666666666665, "?u?l?l?l?l?u": -59.0, "?u?l?u?l": -4.6, "?l?l?l?l?u?d": -5.0, "?l?l?l?l?l?d?d": -3977.4, "?u?l?d?l?u?d": -1.1666666666666667, "?l?l?l?l?l?u": -15.0, "?l?l?l?s?l?d": -0.5, "?l?l?l?l?l?l?u": -7.714285714285714, "?l?s?l?l?d?d": -1.1666666666666667, "?l?l?s?l?l?d": -1.2, "?l?l?d?l?l?d": -70.0, "?d?l?l?l?l?d": -71.8, "?s?d?l?l?l?l": -0.16666666666666666, "?l?l?l?s?l?d?d": -0.16666666666666666, "?l?l?l?l?u?d?l": -0.3333333333333333, "?l?l?l?l?u?d?d": -1.4, "?s?l?l?l?l?d?d": -1.0, "?l?l?l?l?s?d": -2.1666666666666665, "?l?l?s?l?l?d?d": -1.4, "?l?l?l?l?l?d?l": -102.57142857142857, "?l?l?d?l?l?l?u": -0.3333333333333333, "?l?u?l?l?l?d?d": -1.1666666666666667, "?l?l?l?u?l?d?d": -1.6, "?l?l?l?l?l?u?d": -2.25, "?l?l?l?l?l": -5262.8, "?l?u?l?l?l": -7.666666666666667, "?l?l?l?l": -2493.2, "?l?l?l?l?l?s?d": -3.7142857142857144, "?s?l?l?l?l?s?d": -0.0, "?u?l?l?l?l": -265.8333333333333, "?u?l?l?l?l?l?d": -446.0, "?l?l?l?l?l?l?d": -1816.625, "?d?l?l?l?l": -56.2, "?l?s?l?l?l": -3.3333333333333335, "?d?l?l?s?l": -0.0, "?l?l?s?l?l": -1.1666666666666667, "?l?l?u?l?l": -3.6666666666666665, "?l?l?l?l?s": -1.0, "?s?l?l?l?l": -1.8, "?l?l?s?l?l?s?d": -0.125, "?l?s?l?s?l": -0.6666666666666666, "?l?l?l?d?l": -70.0, "?u?l?d?l?l": -3.3333333333333335, "?u?l?l?u?l": -9.0, "?l?d?l?l?l": -37.0, "?l?l?l?l?u": -7.2, "?l?l?l?l?s?u?d": -0.0, "?l?l?l?s?l": -2.6, "?l?l?l?l?d": -501.3333333333333, "?s?l?l?l?l?l?d": -0.3333333333333333, "?l?l?u?l?l?d?d": -0.3333333333333333, "?u?s?l?l?l": -0.4, "Solution": "Solution(variables=[1, 1, 1, 1, 1, 0, 3, 0],score=[-5262.8],constraints=[])"}