{"?l?l?l?l?d?d?l": -62.0, "?l?l?l?l?l?s": -17.166666666666668, "?d?l?u?u?l": -2.4, "?l?l?l?l?d?s?l": -0.125, "?d?l?u?l?d?d?l": -0.0, "?d?l?l?u?l": -1.6666666666666667, "?l?s?l?l?l?s": -0.2, "?l?l?l?l?d?u": -3.3333333333333335, "?d?l?u?s?l": -0.0, "?l?l?l?l": -2077.6666666666665, "?d?l?u?u?l?u?d": -0.0, "?l?l?l?d?l?s": -0.0, "?l?s?l?l?u?l?l": -0.0, "?l?u?l?s?d?d?l": -0.0, "?l?u?l?l": -2.0, "?l?l?u?l?d?d?l": -0.5, "?l?l?s?l?d?d?l": -0.0, "?u?l?l?l": -120.0, "?s?l?l?u": -0.0, "?l?l?d?l": -39.666666666666664, "?l?s?d?l": -0.0, "?l?l?l?d": -150.83333333333334, "?l?l?d?l?s?s": -0.0, "?l?l?l?l?s?d": -2.1666666666666665, "?l?l?l?l?d?s?d": -0.3333333333333333, "?l?s?l?l": -0.8, "?l?l?l?l?u?l": -6.833333333333333, "?l?l?s?l?l?s": -0.2, "?l?l?l?s": -1.4285714285714286, "?s?l?l?l": -0.75, "?l?d?l?u": -0.3333333333333333, "?l?l?s?u": -0.0, "?l?l?l?l?d?s": -0.3333333333333333, "?l?l?u?l": -1.2, "?l?l?l?u": -2.0, "?d?l?l?l": -26.4, "?l?l?s?l": -0.6666666666666666, "?l?l?l?l?s?s?d": -0.3333333333333333, "?l?l?l?l?s?s": -2.0, "?l?d?l?l": -29.4, "?l?l?l?l?u?s": -0.2, "?l?l?l?l?d?l": -203.5, "?l?l?l?l?u?s?d": -0.0, "?l?s?u?l": -0.0, "?l?l?l?l?u": -7.2, "?s?l?l?s": -0.16666666666666666, "?d?l?s?l": -0.0, "?u?u?l?l": -1.0, "?l?l?d?l?u?l": -3.0, "?l?d?s?l": -0.0, "?l?l?d?l?u?s": -0.0, "?l?l?l?l?s?l": -8.6, "?l?l?l?s?l?l": -5.166666666666667, "?l?l?l?l?l?s?u": -0.0, "?l?u?l?l?s?l": -0.0, "?l?l?l?l?l?s?d": -4.333333333333333, "?l?l?s?l?u?s?d": -0.0, "Solution": "Solution(variables=[1, 1, 1, 1, 0, 4, 0, 0],score=[-2077.6666666666665],constraints=[])"}