{"?l?l?d?d?d?l": -65.4, "?u?u?u?u": -136.33333333333334, "?l?l?d?u?l": -3.1666666666666665, "?s?u?u?d?d?l?l?l": -0.0, "?l?s?l?s?u": -0.0, "?d?l?d?u?l": -1.6666666666666667, "?d?u?d?s": -0.0, "?u?u?u?u?d?l?l?l": -0.8095238095238095, "?s?u?u?d": -0.0, "?d?u?u?u": -0.2, "?u?l?d?d?d?l": -2.75, "?u?u?u?u?d?u?l?l": -0.7857142857142857, "?u?u?u?d?l": -1.5, "?d?l?d?u": -0.0, "?l?u?u?u": -2.1666666666666665, "?s?l?d?d?d?s?u": -0.0, "?u?u?u?u?s": -0.16666666666666666, "?l?l?d?u?d?l": -0.75, "?u?l?d?d?l": -1.6666666666666667, "?u?u?l?u?l?u": -6.4, "?u?u?u?u?u?u": -681.0, "?u?u?u?u?u?s": -0.6, "?u?l?d?u?l": -4.0, "?u?u?u?u?d?u": -3.8, "?u?u?u?s": -0.16666666666666666, "?u?u?u?u?u?d": -80.8, "?u?u?u?u?l": -4.0, "?u?s?u?u?u?u": -0.5, "?s?u?u?d?u?u": -0.0, "?u?u?u?u?u": -246.2, "?u?u?l?u?u?u": -5.833333333333333, "?u?u?s?u?u?u": -1.2, "?u?u?u?u?u?u?d": -31.875, "?s?u?u?u?u?d": -0.0, "?u?u?u?d?u?u": -4.8, "?u?u?u?u?u?l": -4.666666666666667, "?u?u?l?u?u": -5.0, "?d?u?u?u?s?u": -0.0, "?u?u?u?s?u?u": -0.0, "?s?u?u?u?u?u": -0.0, "?u?d?u?u?u?u": -4.8, "?d?u?u?u?u?u": -2.3333333333333335, "?u?u?u?u?s?u": -0.2, "?l?u?u?u?u?u": -5.666666666666667, "?u?u?d?u?u?u": -6.333333333333333, "?u?u?u?d?u?u?u": -4.333333333333333, "?u?l?u?u?l?u": -42.0, "?u?u?u?u?l?u": -5.333333333333333, "?u?u?l?d?u?u": -2.0, "?u?u?u?u?l?l": -7.6, "?u?u?u?l?u?u": -4.333333333333333, "?u?u?u?d?u?l": -1.6, "?u?u?u?u?u?u?s": -0.1111111111111111, "?u?l?u?u?u?u": -50.0, "?u?u?d?u?u?d": -3.0, "?s?u?u?d?u": -0.0, "?u?u?u?d?u?u?l": -0.3333333333333333, "?u?d?u?u?u": -4.2, "?u?u?u?u?u?u?u": -247.1, "?u?s?u?u?u?u?s": -0.0, "?u?u?u?u?u?u?l": -1.2857142857142858, "?u?u?d?u?d?u": -1.2, "?d?u?u?l?s?u": -0.0, "?l?d?u?u?u?u": -1.2, "?u?d?l?u?u?u": -1.6666666666666667, "?u?u?u?u?u?s?s": -0.1, "?u?u?u?u?l?u?d": -0.16666666666666666, "?u?l?d?u?u?u": -1.8, "?u?u?l?u?u?u?s": -0.0, "?u?u?u?u?u?l?l": -1.125, "?d?u?u?s?u?u": -0.0, "?u?l?u?u?d?u": -2.0, "?u?d?u?u?l?u": -1.0, "?u?s?u?u?d?u": -0.0, "?d?u?u?u?u?u?u": -2.0, "?l?s?u?u?u?u": -0.0, "?u?d?l?u": -0.6, "?d?s?u?u?u?u": -0.0, "?u?u?u?u?s?l": -0.4, "?s?u?u?u?l?u": -0.0, "?d?d?u?u?u?u": -3.6, "?l?u?u?u?u?s": -0.0, "?u?u?u?u?u?d?u": -2.6666666666666665, "?d?u?u?u?l?u": -0.5, "Solution": "Solution(variables=[2, 2, 2, 2, 2, 2, 0, 0],score=[-681.0],constraints=[])"}