{"?l?l?l?l?d?d?l?l": -26.346153846153847, "?l?l?l?l?d?l": -203.5, "?s?u?u?u?l?l?s": -0.0, "?s?d?u?d?l?u?l?u": -0.0, "?u?s?s?s?u": -0.0, "?l?l?l?l": -2493.2, "?l?s?s?u?l?l?s": -0.0, "?l?l?l?l?d?d": -3661.8, "?l?u?l?l?d?l": -2.0, "?l?l?u?u": -2.4, "?s?l?l?l": -0.6, "?u?l?l?l": -144.0, "?d?l?l?l": -22.0, "?l?l?l?l?d?l?l?l": -26.71212121212121, "?l?l?l?l?u?d": -6.0, "?l?l?d?l?u?u?l?l": -0.46153846153846156, "?l?l?l?u?d?d": -2.4, "?l?l?l?d?d?d": -1478.6666666666667, "?l?u?l?l?d?d": -2.75, "?l?s?l?l?u?u?l?l": -0.0, "?l?l?l?l?d?u": -3.3333333333333335, "?s?l?l?l?d?d": -1.2, "?l?l?l?l?d?d?d": -1258.8333333333333, "?l?l?u?l": -1.2, "?l?l?l?l?d?d?u": -2.1666666666666665, "?l?l?l?l?d?d?l": -74.4, "?l?l?l?l?d?s": -0.3333333333333333, "?l?d?l?l?d?d": -26.2, "?l?l?l?s?d?d": -5.333333333333333, "?l?s?l?l?u?d": -0.0, "?l?l?l?l?l?d": -2574.6666666666665, "?l?d?l?l?d": -12.333333333333334, "?l?l?u?l?d?d": -1.8333333333333333, "?l?d?d?l?d?s": -0.0, "?l?s?l?l?l?d": -0.6, "?u?l?l?l?d?d": -91.8, "?d?l?u?l": -0.0, "?l?u?l?l?l?d": -2.1666666666666665, "?l?l?l?s?d?s": -0.0, "?l?l?l?l?s?l": -7.166666666666667, "?l?l?l?u?d?d?s": -0.0, "?l?u?l?u?d?d": -0.16666666666666666, "?l?l?s?l?d?d": -0.4, "?l?l?u?d?d?u": -0.6666666666666666, "?d?l?l?l?d?d": -14.166666666666666, "?l?l?l?l?d": -601.6, "?l?l?l?l?s?d": -2.1666666666666665, "?l?u?l?d?d?d?d": -1.6, "?l?l?d?l?d?d": -23.666666666666668, "?l?l?l?l?d?d?s": -1.1666666666666667, "?l?d?l?u?d?u": -0.6666666666666666, "?l?l?d?l?d?l": -44.6, "?l?d?l?s?d?d": -0.0, "?u?l?u?l?d?d": -4.0, "?l?l?l?u?u?d": -3.5, "?l?l?l?d?u?d": -0.4, "?l?l?l?d?l?d": -44.0, "?l?l?l?s?u?d": -0.0, "?l?l?d?l?d?d?s": -0.0, "?l?l?l?u?s?d": -0.2, "?u?l?l?l?d?u": -3.3333333333333335, "?l?s?l?l?d?d": -1.4, "?u?l?l?l?d?d?u": -0.6666666666666666, "?l?l?l?l?l?u": -12.5, "?l?l?s?l?u?d": -0.0, "?l?d?l?l?d?l": -60.0, "?u?l?l?l?d?d?d": -59.0, "?s?l?l?l?d?d?d": -0.6666666666666666, "?l?l?s?d?d?d": -2.0, "?l?l?l?l?l?d?l": -102.57142857142857, "?l?s?l?s?d?d": -0.0, "?l?l?d?s?d?d": -0.2, "?d?l?l?l?d?u?l": -0.0, "?l?d?l?u?d?d": -0.2, "?d?l?l?l?d": -8.666666666666666, "Solution": "Solution(variables=[1, 1, 1, 1, 3, 3, 0, 0],score=[-3661.8],constraints=[])"}