{"?d?l?l?l?l?l?l?l": -137.0, "?u?u?u?d?d?d?d": -58.8, "?l?d?u?u?l?u": -2.8333333333333335, "?u?d?d?s?l": -0.0, "?l?u?d?u?u?l?u?u": -0.4166666666666667, "?s?l?d?l": -0.0, "?u?l?d?l": -1.1666666666666667, "?u?u?u?u?d?d?d": -27.8, "?u?d?d?s?l?d": -0.0, "?l?u?d?s?l": -0.0, "?u?d?d?u?u?l?u?u": -0.4444444444444444, "?d?d?u?u?l?u": -0.8333333333333334, "?d?l?l?l?l?l?u?l": -0.08333333333333333, "?u?u?u?d?d?d?u": -3.1666666666666665, "?d?l?l?s?l?l?l?l": -0.0, "?u?u?d?u?d?d?d": -1.1666666666666667, "?l?l?l?l?l?l?l?l": -4798.8421052631575, "?u?u?u?s?d?d?d": -0.6, "?u?u?d?d?d?d?d": -18.166666666666668, "?d?l?u?d?d?d?d": -0.0, "?u?d?l?l?l?l?l?l": -4.875, "?l?l?l?l?l?l": -17761.8, "?s?l?l?l?l?l?l?l": -0.7666666666666667, "?l?l?d?u?d?l?l?l": -0.2727272727272727, "?d?l?l?l?l?s?l?l": -0.0, "?l?u?l?l?l?l": -7.666666666666667, "?u?l?l?l?l?l?l?l": -120.79411764705883, "?l?l?l?l?l": -5262.8, "?l?s?l?l?l?l": -8.833333333333334, "?l?l?l?l?u?l": -8.2, "?l?d?l?l?l?l": -160.83333333333334, "?u?l?l?l?l?l": -955.0, "?l?l?l?l?l?l?s?l": -1.5625, "?l?l?l?l?l?u": -12.5, "?d?l?l?l?l?l": -302.4, "?l?l?d?l?s?l": -0.0, "?l?l?l?l": -2493.2, "?l?l?l?l?s?l": -7.166666666666667, "?l?l?l?u?l?l": -10.4, "?s?l?l?l?l?l": -4.0, "?l?d?l?l?l?l?d?l": -32.5, "?l?l?l?l?l?s": -17.166666666666668, "?l?l?l?l?d?l": -244.2, "?l?u?l?l?l?l?d?l": -0.09090909090909091, "?l?l?u?d?l?l": -3.5, "?u?l?d?l?s?l?d?l": -0.0, "?l?l?l?d?l?l": -185.16666666666666, "?l?l?l?l?l?l?d?l": -21.384615384615383, "?l?l?d?l?l?l": -201.16666666666666, "?l?l?u?l?l?l": -6.6, "?l?l?l?s?l?l": -5.166666666666667, "?l?l?l?l?l?d": -3089.6, "?d?d?l?l?l?l": -178.0, "?l?l?l?l?l?u?s?l": -0.0, "?d?l?l?l": -26.4, "?l?s?l?l?l?s": -0.16666666666666666, "?l?l?s?l": -0.8, "?l?l?l?l?l?l?u?l": -0.6470588235294118, "?l?l?s?l?u?l": -0.0, "?u?l?l?l?l?d?d?l": -0.8461538461538461, "?u?u?l?l?l": -8.0, "?l?l?l?l?u?l?d?l": -0.7142857142857143, "?l?l?s?l?l?l": -9.6, "?l?l?l?d?l?l?d?l": -18.41176470588235, "?l?l?l?d?l?l?l?l": -25.584615384615386, "?l?l?u?l?l?u": -5.166666666666667, "?l?l?l?u?d": -5.2, "?l?l?l?u?l?l?d?l": -0.23809523809523808, "?l?l?l?d?l?d": -44.0, "?u?l?l?l?s?l": -0.2, "?u?l?l?l?l?l?s?l": -0.07407407407407407, "?l?l?d?u?l?l?l?l": -0.8333333333333334, "?l?d?l?d?l?l": -50.8, "?l?s?l?l": -0.6666666666666666, "?d?d?l?l": -14.6, "?l?l?l?l?s?l?s?l": -0.058823529411764705, "?l?d?l?l?l?u": -2.8, "?l?u?l?u?l?l": -6.333333333333333, "?l?d?l?l?l": -37.0, "?d?l?l?l?u?l": -0.6, "?s?d?l?l?l?l": -0.16666666666666666, "?d?l?l?l?u": -1.4, "?s?l?l?l?l": -1.5, "?l?l?u?u?l?l": -9.0, "?l?l?u?l?l": -3.6666666666666665, "?l?l?l?l?u?l?l?l": -1.2962962962962963, "?d?l?l?l?l?s": -0.16666666666666666, "Solution": "Solution(variables=[1, 1, 1, 1, 1, 1, 0, 1],score=[-17761.8],constraints=[])"}