{"?u?l?l?d?d?d?d": -27.166666666666668, "?l?d?l?d?l?l?d?l": -17.5, "?s?d?u?u?s": -0.0, "?u?d?u?l?u": -0.8, "?u?d?u?l?d?u?s?u": -0.0, "?l?d?l?u?s": -0.0, "?s?d?u?d?l?l?d?l": -0.0, "?u?d?u?u?s": -0.0, "?u?d?l?l?u": -1.5, "?l?d?l?d?l?l?d?u": -0.25, "?s?d?l?d?l?l?d?l": -0.0, "?d?d?u?l?u": -3.0, "?u?u?u?l?u": -5.166666666666667, "?u?d?l?d?l?l?d?l": -0.3333333333333333, "?l?d?s?d?l?l?d?l": -0.0, "?l?d?l?d?u?l?u?l": -0.5, "?d?d?u?l?u?l?l?l": -0.3, "?l?d?l?d?l": -24.8, "?u?u?u?d?u?l?d?l": -0.23529411764705882, "?l?d?l?d?d?d?d": -4.285714285714286, "?u?l?l?d?l?l?d?l": -1.3636363636363635, "?u?l?l?d?s": -0.0, "?l?l?l?d?d?d?d": -1826.2, "?u?d?l?d?l": -1.1428571428571428, "?u?d?l?d?d?d?d": -0.4, "?u?l?l?d?s?l?d?l": -0.0, "?l?d?s?d?l?d?d?l": -0.0, "?u?l?l?d?d?d?d?l": -1.3333333333333333, "?d?l?l?d?d?d?d": -2.4, "?l?s?l?d?l": -0.0, "?u?l?l?d?u?d?d": -0.2, "?u?l?l?s?l": -0.0, "?u?d?l?d?l?d?d?l": -0.14285714285714285, "?u?l?l?u?l?l?d?l": -0.7142857142857143, "?l?l?l?l?d?d?u": -2.1666666666666665, "?u?l?l?d": -2.6666666666666665, "?l?s?l?d?d?d?d": -0.6, "?u?l?l?d?d?s?d": -0.0, "?s?d?l?d?d?d?d": -0.0, "?u?l?l?d?u": -4.0, "?u?l?l?d?l": -5.0, "?l?l?d?d?d?d?d": -217.8, "?l?l?l?s?d?d?d": -6.0, "?l?l?l?d?d?d": -1774.4, "?l?l?l?u?d?d?d": -1.0, "?l?l?l?l?d?d?d": -1510.6, "?l?l?l?d?u?d?d": -0.14285714285714285, "?l?l?l?d?l?d?d": -15.0, "?l?l?l?d?d?l?d": -12.5, "?d?l?u?d?d?d?d": -0.0, "?l?l?d?d?d?d": -933.8333333333334, "?l?s?l?d?l?d?d": -0.0, "?l?l?d?d?u?d?d": -0.16666666666666666, "?l?l?l?d?d?d?l": -59.2, "?l?u?u?d?d?d?d": -0.5714285714285714, "?l?l?l?d?d?d?u": -1.1666666666666667, "?l?l?l?d": -181.0, "?l?u?l?d?d?d?d": -1.3333333333333333, "?l?l?l?d?d?d?s": -1.6, "?l?l?l?d?d?s?d": -0.16666666666666666, "?l?l?d?d": -63.0, "?l?l?u?d?d?d?d": -0.16666666666666666, "?d?l?l?d?d": -3.0, "?l?l?l?d?s?d?s": -0.0, "?l?l?l?d?d": -271.4, "?u?l?l?d?l?s?d": -0.0, "?l?l?s?d?d?d?d": -2.0, "?l?l?l?d?s?d?d": -0.16666666666666666, "?l?l?l?d?d?u?d": -0.2, "?l?d?l?u?d?d?d": -0.14285714285714285, "?d?l?l?d?d?d?u": -0.0, "?l?s?l?l?d?d?d": -0.8, "?s?l?l?d?d?d?d": -1.3333333333333333, "?l?u?l?d?d?u?d": -0.4, "?l?l?l?d?l?d?l": -17.666666666666668, "?d?u?l?d?d?u?d": -0.0, "?u?l?s?d?d?d?d": -0.0, "?l?l?l?d?l?l?d": -22.4, "?l?l?u?s?d?d?d": -0.0, "?l?l?l?u?d?u?d": -0.2, "?l?d?l?s?d?d?d": -0.16666666666666666, "?l?l?l?d?d?l?s": -0.0, "?l?d?l?d?d?u?d": -0.0, "?l?u?l?d?d?d": -3.25, "?l?l?l?d?l?d": -52.8, "?l?s?l?d?d?d?u": -0.0, "?u?l?l?d?d?d": -35.8, "?l?d?l?d?d?l?d": -3.0, "?d?l?l?d?d?d?l": -1.2, "Solution": "Solution(variables=[1, 1, 1, 3, 3, 3, 3, 0],score=[-1826.2],constraints=[])"}