{"?u?u?u?u?u?d?d": -32.0, "?l?l?l?l?l?d?d?d": -1447.0, "?u?s?l?s?d?s?d?l": -0.0, "?u?s?u?s": -0.0, "?u?u?s?s?u?l?s?d": -0.0, "?l?l?u?l?s?d": -0.0, "?l?l?u?l?l?s?d?d": -0.0, "?l?l?l?u?u?d?d": -0.16666666666666666, "?u?d?u?l?l?d?d?d": -0.5, "?d?d?l?s?u?l?u?u": -0.0, "?u?d?l?s?u?l?u?u": -0.0, "?l?d?l?l?l?d?d?d": -10.0, "?l?s?l?l?l?d?d?d": -0.2857142857142857, "?u?u?l?l?l?d?d?d": -4.333333333333333, "?l?l?u?u?u?d?d": -0.16666666666666666, "?l?l?l?l?l?s?d?d": -6.642857142857143, "?l?d?d?l?l?d?d?d": -6.166666666666667, "?l?l?u?u?l?d?d?d": -0.6, "?l?u?l?l": -1.6666666666666667, "?d?l?l?l?l?d?d?d": -4.833333333333333, "?l?l?l?l?l?d?l?d": -22.41176470588235, "?l?l?s?l?l?u?d?d": -0.0, "?l?l?s?l?l?d?d?d": -0.26666666666666666, "?l?u?l?l?l?d?d?d": -1.1428571428571428, "?l?l?l?l?l?d": -3089.6, "?l?s?l?l?l?d?s?d": -0.0, "?l?l?l?l?d?d?d?d": -2475.6666666666665, "?l?l?l?l?l?l?d?d": -1136.0714285714287, "?u?l?l?l?l?d": -363.6, "?l?l?d?l?l?d?d?d": -10.833333333333334, "?l?l?d?l?l?d?s?d": -0.0, "?l?u?l?l?l?d": -2.6, "?l?l?l?l?l?d?s?d": -0.4, "?l?l?l?l?l": -5262.8, "?l?l?l?d?l?d": -44.0, "?l?l?l?l?d?d": -3661.8, "?l?l?u?l?l?d": -2.5, "?l?u?l?l?l": -9.2, "?l?l?s?l?d?d": -0.3333333333333333, "?l?l?u?l?d?d": -2.2, "?l?l?l?s?l?d": -0.5, "?l?l?l?d?s?d": -0.5, "?s?l?l?l?l": -1.8, "?l?l?l?l?s?d": -2.1666666666666665, "?l?l?s?l?l": -1.4, "?l?l?l?d?l": -58.333333333333336, "?d?l?l?l?l": -56.2, "?l?l?l?l?l?d?u?d": -0.375, "?l?s?l?l?u": -0.0, "?l?u?l?s?l": -0.0, "?l?l?l?l?u": -7.2, "?l?l?d?l?l": -59.0, "?l?l?l?s?l": -2.6, "?l?l?l?l?d": -501.3333333333333, "?l?l?l?s?d": -1.4, "?u?l?l?l?l": -265.8333333333333, "?l?l?l?l?l?l": -17761.8, "?d?d?l?l?l": -23.0, "?l?s?l?l?l?l": -10.6, "?l?l?l?l?l?s": -17.166666666666668, "?l?l?l?u?l?l": -10.4, "?u?l?l?l": -102.85714285714286, "?l?u?s?l?l?l": -0.16666666666666666, "?l?l?u?l?l?l?d?d": -0.23076923076923078, "?u?l?l?l?l?l": -795.8333333333334, "?l?l?l?l?u?l": -8.2, "?l?l?l?u?l?l?u?d": -0.12121212121212122, "?l?d?l?l?l?l": -160.83333333333334, "?l?l?l?l?s?l": -8.6, "?l?l?u?l?l?l": -5.5, "?l?l?l?s?l?l": -6.2, "?l?l?l?l?l?l?u?d": -2.125, "?l?u?l?l?l?l?d?d": -0.8125, "?l?l?l?d?l?l": -185.16666666666666, "?l?l?l?l?d?l": -244.2, "?l?l?u?l?d?l": -1.5, "?l?l?l?u?l?l?l?d": -0.8571428571428571, "?l?l?l?l?l?l?l?d": -274.3939393939394, "?l?l?d?l?l?l": -201.16666666666666, "?l?l?l?l?l?l?s?d": -2.2941176470588234, "?s?l?l?l?l?l": -4.8, "?l?l?l?l?l?u": -12.5, "?l?l?l?u?l?s": -0.0, "?l?l?s?l?l?l": -8.0, "?l?l?l?l": -2493.2, "?l?d?l?l?l?l?d?d": -13.3, "?d?l?l?l?u?l": -0.6, "?l?u?l?l?l?l": -7.666666666666667, "?l?l?l?l?u?s": -0.2, "?l?l?u?l?l?l?s?d": -0.0, "?l?s?l?l?l?l?s?d": -0.0, "?l?l?l?l?l?s?u?d": -0.0, "?l?l?s?l?s?l": -0.5, "?l?l?s?l?l?u": -0.0, "?l?l?l?d?l?l?u?d": -0.2777777777777778, "?l?l?l?l?u?l?u?d": -0.9166666666666666, "?l?d?l?l?l?l?l?d": -15.8125, "?s?l?l?l?l?d": -0.3333333333333333, "?u?l?u?l?l?l?s?d": -0.0, "Solution": "Solution(variables=[1, 1, 1, 1, 1, 1, 0, 3],score=[-17761.8],constraints=[])"}