{"?l?d?l?l?l?d": -40.5, "?u?l?l?l?d?d?d?d": -130.28571428571428, "?d?s?s?u?s": -0.0, "?d?s?s?d?l?l": -0.0, "?s?s?d?l?d?d?u?d": -0.0, "?u?s?s?d?l?l": -0.0, "?s?s?s?u?s?s": -0.0, "?d?s?d?l?d?d?u?d": -0.0, "?l?l?d?l?d?d?u?d": -0.2857142857142857, "?l?d?l?l?d?d?u?d": -0.3333333333333333, "?u?s?l?l?l?u": -0.3333333333333333, "?u?d?l?l?d?d?l?d": -0.16666666666666666, "?l?s?s?u?s": -0.0, "?u?l?l?l?l?d": -363.6, "?l?d?l?l?d?d?d?d": -8.5, "?l?d?l?l?d?d?l?d": -6.857142857142857, "?u?l?s?u?s": -0.0, "?l?l?l?l?d?d?d?d": -2475.6666666666665, "?l?l?l?l?l?d": -2574.6666666666665, "?l?u?l?l?d?d?u?d": -0.42857142857142855, "?l?d?s?l?d?l": -0.0, "?u?s?l?l?l?u?d?d": -0.0, "?l?u?l?l?l?d?l?d": -0.2222222222222222, "?l?d?l?l?d?d": -21.833333333333332, "?l?l?s?s?l": -0.2, "?l?d?l?l?u?d": -0.6666666666666666, "?l?u?l?l?d?d?d?d": -0.5, "?l?l?l?l?l?u?l": -0.875, "?l?l?l?d?l?d": -66.0, "?l?l?l?s?l?d": -0.5, "?s?l?l?l?l?d": -0.4, "?l?l?l?l?l?d?l": -102.57142857142857, "?l?l?l?l?u?d?d": -1.4, "?l?l?l?l?u?d": -5.0, "?d?l?l?l?l?d": -71.8, "?l?l?l?l?l?d?d?d": -1001.7692307692307, "?d?l?l?l?d?d?d?d": -6.6, "?l?l?l?l": -1780.857142857143, "?l?l?l?u?d?d": -2.4, "?s?l?l?l?d?s?d?d": -0.0, "?l?l?l?l?l?u": -12.5, "?l?l?u?l?l?d": -3.0, "?l?l?l?l?l?s": -14.714285714285714, "?l?l?d?l?l?s": -0.4, "?l?l?l?l?s?d": -2.1666666666666665, "?l?l?l?l?l?d?s": -0.6666666666666666, "?l?u?l?l?l?d": -2.1666666666666665, "?l?l?l?u?u?d": -4.2, "?l?l?l?l?l?d?u": -1.5714285714285714, "?l?l?l?l?l?l": -17761.8, "?l?l?l?l?l?d?d": -3314.5, "?l?l?s?l?l?d": -1.2, "?l?l?d?l?l?u": -1.3333333333333333, "?l?l?l?l?l": -5262.8, "?l?l?d?l?l": -59.0, "?l?l?l?l?l?l?l": -5875.090909090909, "?l?l?l?d?d": -271.4, "?l?l?u?l?l?l": -5.5, "?d?d?d?l?l?l": -227.4, "?l?l?l?l?s?l": -7.166666666666667, "?u?l?l?l": -120.0, "?s?l?l?l?l?l": -4.0, "?l?l?l?l?l?l?u": -7.714285714285714, "?l?l?s?l?l?l": -8.0, "?l?l?u?l?l": -4.4, "?l?l?l?l?l?l?d": -1816.625, "?l?l?l?s?l?l": -6.2, "?l?l?l?l?u?l": -6.833333333333333, "?d?l?l?l?l?l": -302.4, "?l?s?l?l?l?l?u": -0.0, "?l?s?l?l?l?l": -10.6, "?l?l?l?d?l?l?s": -0.125, "?u?l?l?l?l?l": -955.0, "?l?d?l?l?l?l": -193.0, "?l?l?s?l?l?l?s": -0.1111111111111111, "?l?l?l?s": -2.0, "?l?l?l?l?d?l": -244.2, "?l?l?d?l?l?l": -201.16666666666666, "?l?u?l?l?l?l": -7.666666666666667, "?l?l?l?u?l?l": -10.4, "?u?l?l?l?l?s": -1.6666666666666667, "?l?u?l?l?d?l": -2.4, "?l?l?u?l?l?u": -5.166666666666667, "?l?l?l?l?l?l?s": -17.5, "?l?l?l?u?l?l?d": -1.2857142857142858, "?l?l?s?l?l?s": -0.2, "?l?l?l?d?l?l": -185.16666666666666, "?l?l?d?l?l?l?d": -26.8, "?u?d?l?l?l?s": -0.0, "?l?l?u?l?l?s?s": -0.0, "?l?l?u?l?u?l": -5.8, "?l?l?s?l?l?l?d": -0.5, "?l?l?l?l?u?s": -0.2, "?l?l?u?u?l?l?d": -0.7142857142857143, "?l?d?l?l?l?s": -0.0, "?l?l?l?l?s?l?l": -4.444444444444445, "?l?l?l?s?l?l?u": -0.0, "Solution": "Solution(variables=[1, 1, 1, 1, 1, 1, 0, 0],score=[-17761.8],constraints=[])"}