{"?u?l?d?d?d?d": -28.75, "?l?l?l?l?d?d?l?l": -24.464285714285715, "?d?d?l?d": -1.1666666666666667, "?u?u?u?s?l?l?l": -0.0, "?s?u?u?u?s?l?l?l": -0.0, "?u?u?u?s?l?l": -0.3333333333333333, "?d?u?d?d?d?d": -1.2, "?l?l?l?d?d?d?l?l": -61.0, "?d?u?d?d?d": -0.4, "?l?l?l?u?d?d?l?l": -0.14814814814814814, "?u?l?l?l?d?d?l?l": -1.125, "?l?l?d?d?d?d": -933.8333333333334, "?u?l?l?u?d?s?l?l": -0.0, "?u?l?d?d?u?d": -0.3333333333333333, "?l?l?d?d?d?d?l?l": -79.57142857142857, "?l?l?l?u?d?d": -2.4, "?u?l?d?d": -0.3333333333333333, "?l?d?d?d?d?d": -179.4, "?l?l?d?d?s?d": -0.16666666666666666, "?s?u?d?d?d?d": -0.0, "?l?l?d?u?d?d?d": -0.16666666666666666, "?l?l?d?d?d?d?s": -0.4, "?l?l?d?d?d?d?l": -26.0, "?l?l?d?d": -63.0, "?l?l?l?d?d?d": -1478.6666666666667, "?s?l?l?d?d?d": -0.2, "?l?l?d?d?d?d?d": -181.5, "?d?l?d?d?d?d": -6.6, "?l?l?d?d?l?d": -20.833333333333332, "?l?d?l?d?d?s?l": -0.0, "?l?l?l?s?d?d": -5.333333333333333, "?l?l?l?d": -181.0, "?d?l?l?d?d?d": -7.5, "?l?u?l?d?d?d": -2.6, "?l?l?l?d?d?d?u": -1.1666666666666667, "?l?l?u?d?d?d": -3.2, "?l?l?l?l?d?d": -3051.5, "?l?l?l?d?d": -226.16666666666666, "?l?l?l?d?d?d?l": -59.2, "?u?l?l?l?d?d": -91.8, "?l?l?l?l?d?d?l": -74.4, "?l?l?l?d?d?s": -0.3333333333333333, "?l?l?l?l?d?d?u": -2.6, "?l?s?l?d?d?d": -0.8333333333333334, "?l?u?l?d?d?d?u": -0.0, "?l?l?s?d?d?d?s": -0.0, "?l?l?l?d?d?l": -93.0, "?u?l?l?l?d?s": -0.0, "?l?l?l?l?s?d": -2.6, "?l?d?d?l?d?d": -45.333333333333336, "?l?l?l?l?s?d?u": -0.0, "?l?u?l?l?d?d": -1.8333333333333333, "?l?s?l?l?d?d": -1.4, "?l?l?l?l?d?d?s": -1.1666666666666667, "?l?l?l?l?d?d?d": -1510.6, "?l?l?l?l?d?l": -203.5, "?l?l?l?l?u?d?s": -0.0, "?l?l?s?l?s?d": -0.0, "?l?l?d?l?d?d": -28.4, "?l?l?l?l?u?d": -5.0, "?l?d?l?l?d?d": -26.2, "?l?l?u?l?d?d": -1.8333333333333333, "?d?l?l?l?l?d": -71.8, "?l?l?l?l": -2077.6666666666665, "?l?l?l?l?l?d": -3089.6, "?u?l?l?l?d?u": -3.3333333333333335, "?u?l?d?l?d?d": -10.8, "?l?l?s?l?d?d": -0.3333333333333333, "?l?l?l?l?l": -5262.8, "?d?l?l?u?l?d": -0.0, "?l?l?l?l?l?l": -17761.8, "?l?d?l?l?l": -44.4, "?l?l?l?s?l?d": -0.5, "?l?d?l?l?l?d?d": -11.4, "?l?l?l?l?u": -7.2, "?l?l?l?s?l": -2.6, "?d?l?l?d?l?d": -4.5, "?l?l?s?l?l?l": -9.6, "?d?l?l?l?l": -46.833333333333336, "?s?l?l?l?l?l": -4.8, "?l?l?l?l?l?l?l": -9232.285714285714, "?l?l?l?l?l?u": -15.0, "?l?l?l?d?l?l": -185.16666666666666, "?l?l?s?s?l?l": -0.4, "?l?l?l?u?l?l": -8.666666666666666, "?d?l?l?l?l?l": -302.4, "?l?u?l?l?l?s": -0.0, "?l?l?l?l?l?s": -20.6, "?u?l?l?l?l?l?l": -377.77777777777777, "?l?s?l?l": -0.8, "?l?l?l?l?l?u?s": -0.0, "?l?l?u?l?l?l": -6.6, "?l?l?l?u?l?s": -0.0, "?l?l?d?l?l?l": -241.4, "?s?l?s?l?u?l": -0.0, "?l?l?l?l?l?l?d": -2422.1666666666665, "?u?l?l?l?l?l": -795.8333333333334, "?l?l?l?l?l?l?s": -17.5, "?l?l?l?s?l?l": -6.2, "?l?s?l?l?l?l?l": -4.888888888888889, "?s?u?l?l?l?l": -0.6, "?l?u?l?l?l?l": -7.666666666666667, "?l?l?s?l?l?l?l": -5.0, "?l?l?l?l?s?l": -7.166666666666667, "?d?s?l?l?l?l?d": -0.0, "?l?l?u?l?l?l?d": -1.2857142857142858, "?l?u?l?l?l?l?s": -0.0, "?l?l?l?d?l?s": -0.0, "?l?d?l?l?l?l": -193.0, "?l?l?l?l?u?l": -6.833333333333333, "?l?l?l?l?s?s": -2.4, "?l?l?s?l?l?s?l": -0.07142857142857142, "?l?l?s?l?l?l?d": -0.5714285714285714, "?l?d?l?l?d?l": -72.0, "?l?l?l?d?u?l": -2.4, "?l?u?l?l?s?l": -0.0, "?u?l?l?l?s?l": -0.16666666666666666, "?l?s?l?l?l?d": -0.6, "?l?l?l?l?l?s?s": -1.0, "?l?l?l?l?l?l?u": -6.0, "?d?u?l?l?d?l": -0.5, "?l?l?l?u?u?l": -4.4, "?l?s?l?l?l?l": -8.833333333333334, "Solution": "Solution(variables=[1, 1, 1, 1, 1, 1, 0, 0],score=[-17761.8],constraints=[])"}