{"?l?l?l?d?d?d?l": -49.333333333333336, "?l?l?d?l?l?l": -241.4, "?d?u?d?u?u?l?d": -0.0, "?u?l?s?u?d?u": -0.0, "?l?l?d?l?l?l?u": -0.3333333333333333, "?l?l?l?d": -181.0, "?d?u?d?d?d?d?l": -0.0, "?l?l?l?u?u?d?d": -0.2, "?l?l?d?s?l?l": -0.42857142857142855, "?l?l?d?l?l?s": -0.3333333333333333, "?l?l?l?s": -2.0, "?l?u?d?l?l?l": -2.5, "?l?l?d?l?s?l": -0.0, "?s?l?s?d?d?d": -0.0, "?l?l?l?l?l?d?l": -119.66666666666667, "?l?l?l?d?d?d": -1478.6666666666667, "?l?l?d?l?u?l": -3.0, "?l?l?d?l?l?l?s": -0.0, "?l?l?d?l": -47.6, "?l?l?l?d?d?l": -77.5, "?l?l?u?d?d?d": -3.2, "?l?l?u?d": -0.3333333333333333, "?l?u?l?d?d?d": -2.6, "?l?l?l?d?l?d": -37.714285714285715, "?l?l?d?l?d?l": -44.6, "?l?l?l?l?l?l?d": -2076.1428571428573, "?l?l?d?d?d?d": -933.8333333333334, "?l?s?d?d?d?d": -0.8, "?l?l?l?l?l?l": -12687.0, "?l?l?l?u?d?d": -2.4, "?l?l?l?d?l?l?d": -18.666666666666668, "?l?l?l?d?l?u?d": -0.4, "?l?l?l?l?d?d?s": -1.1666666666666667, "?l?l?l?d?l?l": -222.2, "?u?l?l?l?l?u": -59.0, "?l?l?l?l": -2493.2, "?l?l?l?l?u?l": -6.833333333333333, "?l?l?l?l?l?l?l": -7180.666666666667, "?l?l?s?l?l?l?l": -4.375, "?l?l?s?l?l?l": -8.0, "?l?l?u?l?l?l": -6.6, "?l?d?l?l?l?l": -160.83333333333334, "?u?l?l?l?l?l": -955.0, "?d?l?l?l?l?l": -252.0, "?s?l?l?l?l?l": -4.8, "?l?l?l?l?l?l?s": -11.666666666666666, "?l?l?l?l?l?s": -17.166666666666668, "?l?l?l?l?l": -5262.8, "?d?l?d?l?l?l": -11.0, "?l?l?l?l?s?l": -8.6, "?l?l?l?s?l?l": -5.166666666666667, "?l?s?d?l?l?l": -0.2, "?l?l?l?l?l?l?u": -5.4, "?l?l?l?d?s?l": -0.2, "?l?l?l?s?l?l?u": -0.0, "?l?l?l?l?u?l?s": -0.0, "?s?u?l?l?l?l": -0.5, "?l?u?l?l?l?l": -7.666666666666667, "?s?l?l?l?d?l": -0.0, "?l?l?l?l?l?u": -12.5, "?l?l?u?l?l": -4.4, "?l?l?l?l?l?d": -2574.6666666666665, "?l?l?u?l?l?l?s": -0.0, "?u?l?l?l?l?d": -303.0, "?l?l?l?d?l": -70.0, "?l?d?l?s?l?l": -0.3333333333333333, "?l?l?l?u?l?l": -10.4, "?l?s?l?l?l?l": -10.6, "?l?u?l?l?s?l": -0.0, "?d?l?u?l?l?l": -0.4, "?l?s?l?l?u?l?d": -0.0, "?l?l?l?l?s?u": -0.0, "?s?l?s?l?l?l": -0.0, "?l?l?l?l?d?l": -244.2, "?l?u?s?l?l?l?s": -0.0, "?l?s?l?s?l?l": -0.16666666666666666, "?l?l?u?d?l?l": -2.3333333333333335, "?l?l?l?l?d?l?u": -0.7142857142857143, "?s?l?u?l?l?l": -0.0, "?s?l?l?l?l?s": -1.0, "Solution": "Solution(variables=[1, 1, 1, 1, 1, 1, 0, 0],score=[-12687.0],constraints=[])"}