{"?u?l?l?l?l?d?d": -148.0, "?u?u?u?u?u?d?d": -32.0, "?l?u?l?u": -1.0, "?l?u?d?s?u?u": -0.0, "?d?d?u?u?s": -0.0, "?u?u?s?u?u?s?u?d": -0.0, "?u?l?l?l?l?d": -303.0, "?u?d?s?u?u?s?u?d": -0.0, "?d?d?s?d?l?d?d": -0.0, "?s?d?u?u?s": -0.0, "?u?u?l?l?l?d?d": -1.8333333333333333, "?u?l?l?d?l?d": -1.8, "?d?u?d?u?u?d?d": -0.0, "?u?l?s?d?l?d": -0.0, "?d?l?l?l?l?s?d": -0.0, "?u?l?l?u?u?d?d": -0.6, "?u?u?u?l?l?d": -1.6666666666666667, "?u?s?l?l?l?d?d": -0.0, "?u?l?d?l?l?d?d": -0.6666666666666666, "?u?l?l?l?l": -265.8333333333333, "?u?l?l?l?d?d?d": -49.166666666666664, "?s?l?l?l?l?d": -0.4, "?u?l?l?l?l?s?d": -0.42857142857142855, "?u?l?d?l?l": -4.0, "?u?d?l?l?l": -2.8333333333333335, "?u?l?l?l?l?s": -1.6666666666666667, "?u?d?l?l": -0.6, "?s?l?l?l?l": -1.5, "?u?d?l?l?l?d?d": -0.6, "?d?l?l?l?l?d": -59.833333333333336, "?u?u?l?l?u?d": -3.0, "?d?l?l?l?l?d?u": -0.5, "?u?l?d?l?l?d": -2.75, "?u?l?l?u?l?d?s": -0.0, "?u?l?l?l": -144.0, "?u?l?l?u?l?d": -2.3333333333333335, "?u?l?u?l?l?d": -1.6, "?l?l?l?l?l?d": -2574.6666666666665, "?u?l?l?l?u?d": -5.6, "?l?l?u?l?u?d": -1.1666666666666667, "?l?l?l?l?l?u": -15.0, "?l?l?l?l?l?s": -20.6, "?l?l?l?l?l?d?s": -0.6666666666666666, "?u?l?l?l?s?d": -0.8, "?l?l?s?l?l?d": -1.0, "?l?l?l?u?l?d": -3.8, "?l?l?l?l?l?d?u": -1.8333333333333333, "?l?l?l?l?u?d": -6.0, "?l?l?l?l?l?d?l": -119.66666666666667, "?l?l?l?l?d?d": -3661.8, "?l?l?u?l?l?d": -2.5, "?l?u?l?l?l?d": -2.6, "?l?l?l?s?l?d": -0.5, "?l?l?l?l?d?l": -244.2, "?l?l?l?l?l?l": -14801.5, "?l?d?l?l?l?d?d": -11.4, "?l?l?l?l?s?d": -2.1666666666666665, "?l?l?l?u?l?l": -10.4, "?l?l?l?l?d": -501.3333333333333, "?l?l?l?s?s?d": -0.0, "?l?l?l?d?l?d": -44.0, "?l?l?l?l?d?d?l": -74.4, "?l?l?d?u?l?l": -2.0, "?l?l?l?s?d?d": -5.333333333333333, "?d?l?l?u?d?d": -0.2, "?l?d?l?l?d?d": -21.833333333333332, "?l?l?l?l?d?d?u": -2.6, "?l?l?l?l?u?l": -6.833333333333333, "?l?d?s?l?u?l": -0.0, "?l?l?d?l?d?d": -23.666666666666668, "?l?l?l?l?l?l?u": -6.75, "?l?l?l?d?l?l?s": -0.14285714285714285, "?l?d?s?l?s?d": -0.0, "?l?l?l?l?l?l?s": -15.555555555555555, "?l?l?s?l?l?l": -9.6, "?l?u?l?l?l?l": -7.666666666666667, "?s?l?l?l?d?d": -1.0, "?l?l?l?d?l?l": -185.16666666666666, "?l?l?d?l?l?l": -241.4, "?l?l?l?l?s?l": -7.166666666666667, "?s?l?l?l?l?l": -4.8, "?l?l?l?s?l?l": -5.166666666666667, "?l?l?l?s?l?l?l": -17.5, "?l?d?l?l?l?l": -160.83333333333334, "?l?l?u?l?l?l": -6.6, "?l?l?l?l": -2077.6666666666665, "?u?l?l?l?l?l": -955.0, "?l?l?l?l?s?l?d": -0.8, "?l?l?u?l?l?l?s": -0.0, "?l?s?l?l?l?l": -10.6, "?s?l?l?l?l?l?u": -0.0, "?d?u?l?l?l?l": -173.4, "?l?s?l?l?l": -3.3333333333333335, "?l?l?u?s?l?l": -0.0, "?s?l?l?l?l?l?l": -2.0, "?l?l?l?l?l": -5262.8, "?l?l?l?l?l?u?l": -0.875, "?s?d?l?l?l?l": -0.2, "?l?l?l?l?l?l?d": -1816.625, "?l?l?l?d?l": -70.0, "?l?u?l?l?l?l?d": -2.0, "?d?d?l?l?l?l": -178.0, "?l?l?s?l?l?l?l": -3.1818181818181817, "?l?l?l?l?l?l?l": -7180.666666666667, "?s?l?u?l?l?l": -0.0, "?l?l?s?u": -0.0, "?l?d?l?l": -29.4, "?l?l?l?l?l?u?u": -0.9, "?l?u?u?u?l?l": -5.0, "?l?l?d?l?l?l?u": -0.2857142857142857, "Solution": "Solution(variables=[1, 1, 1, 1, 1, 1, 0, 0],score=[-14801.5],constraints=[])"}