{"?l?l?l?s?d?d": -5.333333333333333, "?u?l?l?l?d": -113.4, "?s?d?u?u?s?l?u?l": -0.0, "?u?l?d?s?u": -0.0, "?u?l?l?l?s": -0.16666666666666666, "?u?l?l?u?d?l?u?l": -0.22727272727272727, "?s?d?u?s?s": -0.0, "?u?d?l?l?d": -2.1666666666666665, "?u?l?l?s?d": -0.4, "?u?l?l?u?d": -3.1666666666666665, "?u?l?l?d": -3.2, "?u?l?l?l?d?s?d": -0.0, "?u?l?l?u?d?s": -0.0, "?u?l?d?l?d": -1.8333333333333333, "?u?l?l?l": -144.0, "?u?u?l?l?d": -1.6666666666666667, "?u?l?l?l?u": -7.4, "?u?l?l?l?d?d": -91.8, "?u?l?l?l?d?l": -6.571428571428571, "?u?l?s?l?d?d?s": -0.0, "?u?l?u?l?u": -6.0, "?s?l?l?l?u": -0.0, "?s?l?l?l": -0.6, "?u?l?l?s": -0.0, "?u?l?s?l": -0.0, "?u?l?l?u": -5.4, "?u?l?l?l?l?u?s": -0.1111111111111111, "?u?s?l?l": -0.2, "?u?u?l?u": -0.5, "?u?l?d?l": -1.1666666666666667, "?u?l?l?l?l": -319.0, "?u?l?l?l?s?s?s": -0.08333333333333333, "?l?l?l?l": -2493.2, "?l?l?l?l?l": -4385.666666666667, "?u?l?l?l?l?s?d": -0.5, "?l?d?l?l": -24.5, "?l?l?l?l?s": -1.2, "?d?l?l?l": -22.0, "?l?l?l?l?l?l?l": -6462.6, "?l?d?l?l?u": -1.8333333333333333, "?l?u?l?l": -1.6666666666666667, "?l?l?d?l?l": -59.0, "?l?l?l?l?l?l?u": -6.0, "?l?l?l?l?l?l?s": -15.555555555555555, "?l?l?l?l?l?l": -14801.5, "?d?l?l?l?l?l?l": -226.6, "?l?l?d?l?l?l?l": -87.57142857142857, "?l?l?l?l?u?l?l": -2.142857142857143, "?l?s?l?l?l?l?d": -0.75, "?l?l?l?u?l?l?l": -2.4444444444444446, "?l?l?l?l?l?u?l": -1.0, "?u?l?l?l?l?l": -955.0, "?l?l?l?l?l?d?l": -102.57142857142857, "?u?l?l?s?l?l?l": -0.625, "?l?l?l?l?s?l": -7.166666666666667, "?l?l?l?d?l?s": -0.0, "?d?l?l?l?l?l": -252.0, "?l?l?s?u?l?l": -0.0, "?l?s?l?l?l?l": -10.6, "?l?l?l?l?u?l": -6.833333333333333, "?l?d?l?l?u?l": -3.0, "?l?l?s?l?l?l?l": -2.9166666666666665, "?l?d?l?l?l?l": -193.0, "?l?s?u?l?l?l": -0.0, "?s?l?l?l?l?l": -4.8, "?l?l?l?u?l?l": -8.666666666666666, "?l?l?l?l?l?s": -20.6, "?l?l?l?l?l?u": -12.5, "?l?l?l?l?l?l?d": -2422.1666666666665, "?l?l?u?l?l?l": -5.5, "?l?l?l?l?d?l": -203.5, "?l?l?s?l?l?l": -9.6, "?l?l?l?s?d?l": -0.0, "?l?l?l?l?l?d": -3089.6, "?l?d?l?l?d?l": -60.0, "?l?l?u?l?s?l": -0.0, "?d?l?l?l?l?d": -59.833333333333336, "?l?l?s?l": -0.8, "?d?l?d?l?s?l": -0.0, "?l?l?l?u?l": -5.8, "?l?u?l?l?l?l": -7.666666666666667, "?l?l?l?s?l?l": -6.2, "?l?l?d?l?l?s?d": -0.0, "?l?l?d?l?l?l?u": -0.4, "?l?l?l?l?d?l?s": -0.0, "?l?s?l?l?d?s": -0.0, "?u?l?s?l?l?l": -0.8, "?l?l?d?l?l?d": -70.0, "?l?l?d?l?l?l": -241.4, "?l?s?l?u?l?u": -0.0, "?u?l?l?l?l?u": -70.8, "?l?l?l?l?d?l?l": -112.28571428571429, "?l?l?l?s?u?l": -0.0, "?s?u?l?l?l?l": -0.6, "?l?d?d?l?l?l": -62.166666666666664, "?l?l?l?u?l?s?l": -0.0, "?l?l?d?s?l?l": -0.5, "?l?l?l?d?l?l": -222.2, "?u?s?l?l?l?l": -0.2857142857142857, "Solution": "Solution(variables=[1, 1, 1, 1, 1, 1, 0, 0],score=[-14801.5],constraints=[])"}