{"?l?l?l?l?s?l?l?l": -1.8205128205128205, "?d?l?l?l": -22.0, "?d?l?u?l?l": -1.0, "?l?s?u?s?s?s": -0.0, "?d?l?l?l?s?l?d": -0.0, "?l?d?l?l?s?l?l?l": -0.0, "?d?l?l?l?l?s": -0.2, "?l?s?u?s?d": -0.0, "?d?l?u?d?l": -2.0, "?d?l?l?l?l?s?d": -0.0, "?d?u?l?l": -1.0, "?d?l?l?s?l": -0.0, "?l?l?l?l": -2493.2, "?d?l?l?l?s?l?l?l": -0.25, "?l?l?l?d": -150.83333333333334, "?d?s?l?l": -0.0, "?d?l?u?l": -0.0, "?d?l?l?d": -3.0, "?l?l?s?d": -0.16666666666666666, "?d?l?l?s": -0.0, "?l?l?l?l?s": -1.0, "?l?l?l?l?s?s": -2.4, "?d?l?l?l?u": -1.1666666666666667, "?l?s?l?l?l": -4.0, "?u?l?l?l": -102.85714285714286, "?d?u?l?l?l?d": -0.8, "?l?d?l?l": -24.5, "?l?l?s?l": -0.8, "?l?l?l?l?l?d?d": -3314.5, "?l?l?l?l?l?d?l": -119.66666666666667, "?l?u?l?l?u?d?d": -0.0, "?l?l?l?l?l?u": -15.0, "?s?l?l?l": -0.6, "?l?l?l?l?l?d": -3089.6, "?u?l?l?l?l?d?d": -123.33333333333333, "?d?l?l?l?l?d?d": -10.8, "?l?l?l?l?l?s?d": -3.25, "?l?d?l?l?l?d?d": -11.4, "?l?l?l?l?l": -4385.666666666667, "?l?u?l?l?l?d?d": -1.1666666666666667, "?l?l?l?l?d?d?d": -1258.8333333333333, "?l?d?l?l?l?s?d": -0.2, "?l?l?l?l?u?d?d": -1.1666666666666667, "?l?l?l?l?l?u?d": -3.0, "?l?l?l?l?l?d?u": -1.8333333333333333, "?l?l?l?l?s?d?d": -13.4, "?d?l?l?l?l": -46.833333333333336, "?u?l?l?l?l": -319.0, "?l?u?l?s?l": -0.0, "?l?l?u?l?l": -4.4, "?l?u?s?l?l": -0.0, "?l?l?l?d?l": -70.0, "?l?l?s?l?l": -1.1666666666666667, "?l?d?l?l?l": -44.4, "?l?l?l?l?u": -6.0, "?l?l?l?l?l?l?d": -2076.1428571428573, "?d?u?l?l?l": -89.4, "?l?l?l?u?u": -4.833333333333333, "?s?l?l?l?l": -2.25, "?l?l?l?u?l": -4.833333333333333, "?l?l?l?l?d": -601.6, "?l?l?d?l?l": -59.0, "?u?l?l?l?l?s?d": -0.5, "?l?u?l?l?l?s": -0.0, "?l?s?l?l": -0.8, "?l?l?l?s?l": -2.1666666666666665, "?l?l?l?l?l?s?l": -5.666666666666667, "?l?u?l?l?l": -7.666666666666667, "?l?l?d?l": -47.6, "?l?l?s?l?s": -0.16666666666666666, "?l?s?u?l?l": -0.0, "?u?l?l?u?l": -7.5, "?l?l?l?l?l?s?s": -0.7692307692307693, "?s?l?s?l?l": -0.0, "?l?l?u?u?l": -5.8, "?l?l?l?u?l?s?d": -0.0, "?d?l?l?l?l?l?d": -56.4, "?l?u?l?l?l?u?d": -0.42857142857142855, "?d?l?l?l?d": -8.666666666666666, "?l?l?l?s": -2.0, "Solution": "Solution(variables=[1, 1, 1, 1, 1, 0, 3, 0],score=[-4385.666666666667],constraints=[])"}