{
    "0": {
        "Array mascara": [
            1,
            1,
            1,
            1,
            1,
            1,
            0,
            0
        ],
        "Puntuacion": [
            -17761.8
        ]
    },
    "1": {
        "Array mascara": [
            1,
            1,
            1,
            1,
            0,
            3,
            3,
            0
        ],
        "Puntuacion": [
            -2493.2
        ]
    },
    "2": {
        "Array mascara": [
            1,
            1,
            1,
            1,
            1,
            1,
            0,
            0
        ],
        "Puntuacion": [
            -17761.8
        ]
    },
    "3": {
        "Array mascara": [
            1,
            1,
            1,
            1,
            1,
            0,
            1,
            3
        ],
        "Puntuacion": [
            -4385.666666666667
        ]
    },
    "4": {
        "Array mascara": [
            1,
            1,
            1,
            1,
            1,
            1,
            0,
            0
        ],
        "Puntuacion": [
            -14801.5
        ]
    },
    "5": {
        "Array mascara": [
            1,
            1,
            1,
            1,
            3,
            3,
            0,
            0
        ],
        "Puntuacion": [
            -3661.8
        ]
    },
    "6": {
        "Array mascara": [
            1,
            1,
            1,
            1,
            1,
            0,
            0,
            3
        ],
        "Puntuacion": [
            -4385.666666666667
        ]
    },
    "7": {
        "Array mascara": [
            2,
            2,
            2,
            2,
            2,
            2,
            0,
            0
        ],
        "Puntuacion": [
            -681.0
        ]
    },
    "8": {
        "Array mascara": [
            1,
            1,
            1,
            1,
            1,
            1,
            0,
            0
        ],
        "Puntuacion": [
            -17761.8
        ]
    },
    "9": {
        "Array mascara": [
            1,
            1,
            1,
            1,
            1,
            1,
            0,
            0
        ],
        "Puntuacion": [
            -17761.8
        ]
    },
    "10": {
        "Array mascara": [
            1,
            1,
            1,
            1,
            1,
            1,
            0,
            0
        ],
        "Puntuacion": [
            -17761.8
        ]
    },
    "11": {
        "Array mascara": [
            2,
            2,
            2,
            2,
            2,
            2,
            0,
            3
        ],
        "Puntuacion": [
            -817.2
        ]
    },
    "12": {
        "Array mascara": [
            3,
            3,
            3,
            3,
            3,
            3,
            0,
            0
        ],
        "Puntuacion": [
            -11367.0
        ]
    },
    "13": {
        "Array mascara": [
            1,
            1,
            1,
            1,
            1,
            1,
            0,
            2
        ],
        "Puntuacion": [
            -17761.8
        ]
    },
    "14": {
        "Array mascara": [
            1,
            1,
            1,
            1,
            3,
            3,
            0,
            4
        ],
        "Puntuacion": [
            -3661.8
        ]
    },
    "15": {
        "Array mascara": [
            1,
            1,
            1,
            1,
            3,
            3,
            0,
            3
        ],
        "Puntuacion": [
            -3051.5
        ]
    },
    "16": {
        "Array mascara": [
            3,
            3,
            3,
            3,
            0,
            1,
            0,
            0
        ],
        "Puntuacion": [
            -1619.0
        ]
    },
    "17": {
        "Array mascara": [
            1,
            1,
            1,
            1,
            1,
            1,
            0,
            0
        ],
        "Puntuacion": [
            -14801.5
        ]
    },
    "18": {
        "Array mascara": [
            3,
            3,
            3,
            3,
            0,
            3,
            3,
            1
        ],
        "Puntuacion": [
            -1619.0
        ]
    },
    "19": {
        "Array mascara": [
            1,
            1,
            1,
            1,
            1,
            0,
            3,
            1
        ],
        "Puntuacion": [
            -5262.8
        ]
    },
    "20": {
        "Array mascara": [
            1,
            1,
            1,
            1,
            1,
            1,
            0,
            3
        ],
        "Puntuacion": [
            -14801.5
        ]
    },
    "21": {
        "Array mascara": [
            1,
            1,
            1,
            1,
            1,
            1,
            0,
            0
        ],
        "Puntuacion": [
            -17761.8
        ]
    },
    "22": {
        "Array mascara": [
            3,
            3,
            3,
            3,
            0,
            1,
            0,
            0
        ],
        "Puntuacion": [
            -1942.8
        ]
    },
    "23": {
        "Array mascara": [
            1,
            1,
            1,
            1,
            1,
            1,
            0,
            1
        ],
        "Puntuacion": [
            -17761.8
        ]
    },
    "24": {
        "Array mascara": [
            1,
            1,
            1,
            1,
            0,
            1,
            4,
            1
        ],
        "Puntuacion": [
            -2493.2
        ]
    },
    "25": {
        "Array mascara": [
            3,
            3,
            3,
            3,
            3,
            3,
            0,
            0
        ],
        "Puntuacion": [
            -11367.0
        ]
    },
    "26": {
        "Array mascara": [
            3,
            3,
            3,
            3,
            3,
            3,
            0,
            0
        ],
        "Puntuacion": [
            -11367.0
        ]
    },
    "27": {
        "Array mascara": [
            1,
            1,
            1,
            1,
            1,
            1,
            0,
            3
        ],
        "Puntuacion": [
            -17761.8
        ]
    },
    "28": {
        "Array mascara": [
            3,
            3,
            3,
            3,
            3,
            3,
            0,
            0
        ],
        "Puntuacion": [
            -13640.4
        ]
    },
    "29": {
        "Array mascara": [
            2,
            2,
            2,
            2,
            2,
            2,
            0,
            2
        ],
        "Puntuacion": [
            -681.0
        ]
    }
}