{"?l?l?s?l?l?l?l?l": -0.925, "?u?l?l?l?l?d?d": -148.0, "?u?s?s?l?l?l?l?l": -0.0, "?l?l?d?u?l?l?l?l": -0.6666666666666666, "?u?l?l?l?l?d?s": -0.6, "?l?l?d?l?l?l?l": -102.16666666666667, "?u?l?l?l?l?d?d?l": -0.9166666666666666, "?s?l?l?l?l?d?d": -1.0, "?u?l?u?l?l?u?d": -0.16666666666666666, "?l?l?s?l?u?l?l?l": -0.0, "?u?l?d?l?l?d?d": -0.6666666666666666, "?u?l?d?l": -1.4, "?d?l?u?l?l?d": -0.16666666666666666, "?u?l?l?l?l?s?d": -0.42857142857142855, "?u?l?l?d?l?d?l": -0.5, "?u?l?l?l?l?d?l": -5.5, "?u?l?s?l?l?d?d": -0.0, "?u?l?l?l?d?d?d": -59.0, "?u?l?l?u?l?d?d": -1.8, "?u?l?l?s?s?d?d": -0.0, "?d?l?l?l?l?d?d": -10.8, "?u?l?l?u?l?s?d": -0.0, "?u?l?l?l?l?u?d": -2.3333333333333335, "?u?l?l?l": -144.0, "?u?s?l?l?l?d?d": -0.0, "?u?l?d?l?l?d?s": -0.0, "?u?d?l?l?l?d?d": -0.6, "?d?l?l?l?u?d?d": -0.16666666666666666, "?u?l?l?s?l?d?d": -0.0, "?u?l?l?l?l": -265.8333333333333, "?u?l?l?l?u?d?d": -4.2, "?u?l?l?l?s": -0.16666666666666666, "?d?l?l?l?l": -56.2, "?u?u?l?l?l": -8.0, "?s?l?l?l?u?d?d": -0.0, "?s?d?u?l?l": -0.0, "?u?l?l?l?d": -113.4, "?u?l?l?d?l": -6.0, "?s?l?l?l?l": -2.25, "?u?l?d?u?l": -4.0, "?u?d?l?l?l": -3.4, "?u?l?l?s?d": -0.4, "?d?s?l?l?l": -0.0, "?u?l?l?l?u": -6.166666666666667, "?u?s?l?u?l": -0.0, "?u?d?l?l": -0.6, "?u?l?l?l?l?l?d": -624.4, "?l?l?u?l?l?l?d": -1.2857142857142858, "?s?u?l?l?s": -0.0, "?u?l?u?l?l?l?d": -0.7142857142857143, "?u?l?l?l?d?l?d": -1.2, "?u?l?l?d?l?l?d": -3.142857142857143, "?u?l?u?l?l": -7.8, "?u?l?u?l?l?l?u": -0.7, "?u?l?l?l?u?l?d": -1.1666666666666667, "?u?l?d?l?l?l?d": -0.6, "?d?l?l?l": -33.0, "?l?l?l?l?l?l?d": -2422.1666666666665, "?u?d?l?l?l?l?d": -2.4, "?u?l?l?l?l?l?s": -0.5, "?l?l?l?l?l?l": -17761.8, "?l?l?l?l?l?l?u": -6.0, "?s?l?l?l?l?l?l": -2.1818181818181817, "?l?l?l?u?l?l?d": -1.5, "?l?l?d?l?l?l?d": -22.333333333333332, "?l?l?l?l": -2493.2, "?l?d?l?l?l?l": -160.83333333333334, "?l?l?l?d": -181.0, "?l?l?l?l?l?s": -17.166666666666668, "?l?l?l?s": -1.6666666666666667, "?l?l?l?l?u?l": -5.857142857142857, "?l?l?u?l?l?l": -6.6, "?u?l?l?l?l?l": -795.8333333333334, "?l?l?d?l?l?l": -301.75, "?l?u?l?l?u?l": -6.666666666666667, "?l?l?l?l?s?l": -8.6, "?d?l?l?l?l?l": -252.0, "?l?l?l?d?l?l": -185.16666666666666, "?l?u?l?l?l?d": -2.1666666666666665, "?l?l?s?l?l?l": -9.6, "?d?l?l?l?u?l": -0.5, "?s?l?l?l?l?l": -4.8, "?l?l?l?l?d": -501.3333333333333, "?l?u?l?l?l?l": -7.666666666666667, "?l?s?l?s?l?l": -0.16666666666666666, "?u?l?l?l?s?l": -0.16666666666666666, "?l?l?l?u?l?l": -10.4, "?l?l?l?l?l?u": -12.5, "?s?d?l?l?l?l": -0.25, "?l?l?l?l?d?l": -203.5, "?l?l?l?l?l?d": -3089.6, "?l?l?l?l?l?l?s": -12.727272727272727, "?l?l?l?s?l?s": -0.0, "?l?l?l?l?l": -4385.666666666667, "?l?s?l?l?l?l": -10.6, "?l?l?s?l?l?l?l": -3.1818181818181817, "?l?l?l?l?u?s": -0.2, "?l?s?l?u?l?l": -0.16666666666666666, "?l?l?l?l?l?l?l": -5875.090909090909, "?l?l?d?l?l?d": -105.0, "?d?l?l?l?l?l?d": -47.0, "?l?l?s?l?u?l": -0.0, "?l?l?s?l?l?d": -1.0, "?l?l?l?s?l?l": -6.2, "?l?l?l?d?l?s": -0.0, "?l?d?l?l?s?l": -0.4, "?l?u?l?l?d?l": -2.0, "?l?s?l?l?l?l?u": -0.0, "?s?s?l?l?l?l": -0.16666666666666666, "Solution": "Solution(variables=[1, 1, 1, 1, 1, 1, 0, 0],score=[-17761.8],constraints=[])"}