{"?d?d?d?l?l?l?l?d": -8.4, "?l?l?d?d?d?d?d": -181.5, "?d?s?d?d?d?l?u?u": -0.0, "?d?d?l?d?d?l?l?l": -1.5, "?s?d?d?d?l?d?s?s": -0.0, "?s?s?d?d?d?l?l?l": -0.0, "?d?d?l?d?u?l?l?l": -0.09090909090909091, "?d?l?l?d?d?l?l?l": -1.25, "?l?l?d?d?d?d?s": -0.4, "?d?l?d?d?d?d?d": -1.6666666666666667, "?l?s?d?d?d": -0.0, "?u?d?d?l?l?l?l?d": -0.42857142857142855, "?d?d?l?d?d?d?d": -5.333333333333333, "?l?l?u?d?u?l?l?l": -0.13793103448275862, "?l?l?d?d?d?d?u": -0.3333333333333333, "?s?l?d?d?d?d?d": -0.0, "?l?l?d?d?d?d?l": -26.0, "?l?l?u?d?d": -1.75, "?l?l?s?d?d?d?d": -1.6666666666666667, "?l?s?d?d?d?d?l": -0.0, "?l?l?d?s?u?d?l": -0.0, "?u?l?d?s?s?d?d": -0.0, "?l?u?d?d?d?d?d": -0.8333333333333334, "?l?l?d?d": -78.75, "?l?l?d?d?u?d?d": -0.14285714285714285, "?d?l?d?u?d?u?d": -0.0, "?l?l?d?d?d?l?d": -5.666666666666667, "?l?s?d?d?d?d?d": -0.16666666666666666, "?l?l?d?l?d?d?d": -5.8, "?l?l?u?d?d?d?d": -0.16666666666666666, "?u?u?d?d?d?d?s": -0.0, "?l?l?d?d?d?d": -933.8333333333334, "?u?l?d?d?d?l?l": -14.2, "?l?s?d?d?d?d": -0.6666666666666666, "?l?l?d?d?d?u": -1.0, "?l?d?d?d?d?d?d": -294.6666666666667, "?l?l?d?d?l?d": -25.0, "?l?l?s?d?d?d": -2.4, "?l?l?d?d?u?d": -1.0, "?l?l?d?d?d?l": -46.714285714285715, "?d?l?d?d?d?l": -4.2, "?l?l?u?d?d?d": -3.2, "?d?l?d?d?d?d": -6.6, "?d?l?d?d?d?d?u": -0.0, "?l?l?d?u?d?d": -0.75, "?l?l?d?d?s?d": -0.2, "?d?l?d?d?d?d?l": -2.0, "?l?d?d?d?d?d": -149.5, "?l?u?d?d?d?d": -1.4, "?l?l?d?l?d?d": -28.4, "?l?l?d?d?d?s": -0.0, "?l?l?d?d?u?d?s": -0.0, "?u?l?d?d?d": -3.75, "?s?l?d?d?d?d": -0.0, "?l?l?d?d?d": -131.8, "?l?l?l?d?d?d": -1478.6666666666667, "?l?l?d?l?d?d?l": -8.0, "?s?l?u?d?d?d": -0.0, "?l?l?l?s?d?d": -6.4, "?l?l?l?d?d?s": -0.3333333333333333, "?d?l?l?d?d?d": -7.5, "?l?l?d?s?d?d": -0.2, "?l?l?l?d?d?d?l": -59.2, "?s?l?l?d?d?d": -0.16666666666666666, "?l?l?l?l?d?d": -3661.8, "?l?l?l?d?d?d?u": -1.1666666666666667, "?l?l?l?d": -181.0, "?l?l?l?l?d?u": -4.0, "?l?l?l?l?d": -601.6, "?l?l?l?d?l?d": -44.0, "?l?d?l?d?s?d": -0.0, "?l?l?l?s?s?d": -0.0, "?l?l?l?d?s?d": -0.6, "?l?l?l?d?d?u": -1.5, "?l?l?l?u?d?d": -2.4, "?l?u?l?l?d?d": -2.2, "?l?s?l?l?d?d": -1.1666666666666667, "?l?l?l?l?d?s": -0.4, "?l?l?s?l?d?d": -0.4, "?l?l?l?l?d?l": -244.2, "?l?s?l?l?d?s": -0.0, "?d?l?l?l?d?d?l": -2.2, "?l?l?l?l?d?l?u": -0.625, "?l?l?l?l": -2493.2, "?l?d?l?l?d?d": -21.833333333333332, "?d?d?l?l?d?d": -51.0, "?l?l?d?l?d?d?s": -0.0, "?l?l?l?l?l?d": -3089.6, "?l?d?l?l?d?d?u": -0.14285714285714285, "?l?l?l?l?u?u": -6.4, "?l?l?l?l?d?d?u": -2.1666666666666665, "?l?d?l?l?d?d?d": -5.2, "?s?l?l?l?l?d": -0.4, "?l?d?l?l": -29.4, "?l?l?s?l?d?s": -0.0, "?d?l?l?l?d?d": -14.166666666666666, "?s?l?l?l?d?d?l": -0.0, "?l?l?s?l?d?d?l": -0.0, "?l?l?u?l?d?d": -2.2, "?l?l?l?l?d?d?s": -1.1666666666666667, "?s?l?l?l?d?d": -1.2, "?u?l?s?l?d?d": -0.0, "?l?l?l?l?d?d?l": -74.4, "?u?l?l?l?d?u": -4.0, "?u?l?l?l?d?d": -91.8, "?u?l?l?l?d?d?d": -42.142857142857146, "?l?l?d?l?s?d": -0.0, "?d?l?u?l?d?d": -0.16666666666666666, "?l?l?l?u?d?d?d": -1.2, "?l?l?u?l?d?d?d": -0.6666666666666666, "?l?l?l?d?u?d": -0.4, "?s?l?l?l?d?d?d": -0.8, "?d?l?l?l?d?l": -19.6, "?l?l?l?u?d?s": -0.0, "?l?l?l?l?s?d": -2.1666666666666665, "?s?l?l?l?u?d": -0.0, "?l?l?l?l?u?d": -6.0, "?l?s?l?l?d?d?d": -0.8, "Solution": "Solution(variables=[1, 1, 1, 1, 3, 3, 0, 0],score=[-3661.8],constraints=[])"}