{"?l?l?d?l?l?l?d?l": -34.63636363636363, "?l?l?l?l?s?s": -2.4, "?s?l?l?l?u?l": -0.16666666666666666, "?d?u?s?s?s": -0.0, "?u?l?d?s?d": -0.0, "?d?l?l?l?u?l": -0.6, "?d?l?d?s?d": -0.0, "?u?u?s?s?s": -0.0, "?l?l?d?l?l?l": -201.16666666666666, "?s?l?l?d?u?l?d?l": -0.0, "?l?u?l?l?u?s": -0.0, "?l?l?l?l?s": -1.2, "?d?l?l?l?u?l?d?l": -0.0, "?l?l?l?l?u?l": -8.2, "?l?l?d?l?s": -0.0, "?l?d?l?l?l?l": -193.0, "?l?s?l?l?s?s": -0.0, "?l?l?l?l?l?l": -17761.8, "?l?l?u?l?s": -0.0, "?l?s?l?l?u?l": -0.0, "?l?l?d?l?l?s?d?l": -0.0, "?u?l?d?l?l?l": -6.6, "?l?s?d?l?l?l": -0.2, "?l?l?l?l?s?u": -0.0, "?s?l?d?l?l?l": -0.0, "?l?l?d?l?l?l?s?u": -0.0, "?l?l?d?l?d?l": -55.75, "?l?l?u?l?l?l": -5.5, "?l?l?l?l?l?d": -3089.6, "?l?l?l?l?l?l?l?u": -2.03125, "?l?l?d?s?l?l": -0.6, "?l?l?l?d?l?l": -185.16666666666666, "?l?l?l?l?s?d": -3.25, "?l?l?l?u?l?l?s?u": -0.0, "?l?l?l?l?l?l?u?u": -1.64, "?l?l?l?l": -2493.2, "?l?l?l?l?l": -4385.666666666667, "?l?u?l?l?l?l?l?u": -1.1764705882352942, "?u?l?l?l?l?l": -795.8333333333334, "?l?l?l?l?l?s": -20.6, "?l?l?l?s?l?l": -5.166666666666667, "?l?l?l?l?l?u": -15.0, "?l?l?l?l?l?l?d?u": -0.22033898305084745, "?l?l?s?l?l?l": -8.0, "?s?l?l?l?l?l": -4.8, "?l?l?s?l?l?u": -0.0, "?l?l?l?l?l?l?s?u": -0.0, "?l?l?l?l?s?l": -7.166666666666667, "?l?u?l?l?l?l": -9.2, "?l?l?l?l?d?l": -244.2, "?l?u?l?l?l?l?l?l": -1.1290322580645162, "?d?l?l?l?l?l": -252.0, "?l?u?l?d?l?l": -3.25, "?l?l?l?u?l?l": -10.4, "?l?s?l?l?l?l": -10.6, "?s?l?l?d?l?l": -0.16666666666666666, "?l?u?l?l?l?l?s?u": -0.0, "?l?l?l?l?d?l?s?u": -0.0, "?l?l?d?l?l?l?l?u": -0.5625, "?l?l?l?u?l?l?s?l": -0.0, "?l?l?l?l?l?u?s?u": -0.0, "?l?l?l?d?d?l": -93.0, "?l?l?l?l?l?l?d?l": -23.96551724137931, "?s?u?l?l?l?l": -0.42857142857142855, "?l?l?l?l?d": -601.6, "?l?l?l?l?l?l?s?l": -0.704225352112676, "?l?u?l?l?u?l": -6.666666666666667, "?d?l?l?d?l?l": -24.0, "?l?l?s?l?u?l": -0.0, "?l?u?l?l?l?l?u?l": -0.3548387096774194, "?l?l?l?u?l?u?d?u": -0.03389830508474576, "?l?l?l?d?l?l?s?l": -0.0, "?l?s?l?l?s?l": -0.2, "?l?l?l?s?s?l": -0.16666666666666666, "?d?l?l?l?s": -0.0, "?l?s?l?l?l?l?l?u": -0.0, "?l?l?l?l?l?l?l?l": -2762.969696969697, "?s?l?l?l?l?d": -0.4, "?l?l?l?l?u?s": -0.16666666666666666, "?l?l?u?l?l?l?d?u": -0.08620689655172414, "?l?l?u?l?u?l": -4.142857142857143, "?l?l?s?l": -0.8, "?u?l?l?l?l?d": -303.0, "Solution": "Solution(variables=[1, 1, 1, 1, 1, 1, 0, 2],score=[-17761.8],constraints=[])"}