{"?l?l?l?l?d?l?d": -36.4, "?l?l?d?d?l?l?d?l": -11.555555555555555, "?u?s?u?d?u": -0.0, "?l?u?l?s?s?s?d?s": -0.0, "?u?l?l?s?d?l?d": -0.0, "?l?l?s?d?l?l?d?l": -0.0, "?l?l?l?d?l?l?d?l": -13.041666666666666, "?l?l?l?l": -2077.6666666666665, "?l?s?u?d?u": -0.0, "?l?l?u?d?l?l?l?l": -0.1896551724137931, "?s?l?d?d?l?l?d?l": -0.0, "?l?l?l?l?l?l?u?l": -0.9166666666666666, "?l?l?l?d?d?l?d": -12.5, "?l?l?l?d?l?d?d?l": -8.909090909090908, "?l?d?d?d?l?l?d?l": -5.714285714285714, "?l?l?l?l?u?l?d": -1.6666666666666667, "?l?l?l?l?s?l?d": -0.5714285714285714, "?l?l?l?d?l?l?d": -22.4, "?l?l?l?l?d?l?d?l": -14.36, "?l?l?d?u?d?l?d": -0.2, "?l?l?l?l?d?l?s": -0.0, "?l?l?l?l?l?l?d": -1816.625, "?l?l?l?d": -181.0, "?l?l?l?l?s": -1.2, "?l?u?u?u": -3.25, "?l?l?l?s?u?u?d": -0.0, "?l?l?d?l": -59.5, "?l?l?l?s": -2.5, "?s?l?l?l": -0.75, "?l?l?l?l?l": -5262.8, "?l?l?l?l?d?l?l": -112.28571428571429, "?l?u?l?l": -2.5, "?l?l?l?l?l?l?l": -7180.666666666667, "?l?d?l?l": -36.75, "?s?l?l?s?s?l?l": -0.0, "?l?l?d?l?l?l?l": -102.16666666666667, "?l?u?l?l?l?l?l": -1.2, "?l?l?l?l?d": -601.6, "?l?l?l?s?l": -2.6, "?l?l?l?l?l?l?s": -17.5, "?l?d?l?l?l?l?l": -75.33333333333333, "?l?s?d?l?l?l?l": -0.125, "?l?l?l?s?l?l?l": -10.5, "?l?l?l?l?l?d?l": -102.57142857142857, "?s?l?l?l?l?l?l": -2.4, "?u?l?l?l?l?l?l": -340.0, "?l?l?l?d?l?l?l": -160.66666666666666, "?u?s?l?l?l?l?l": -0.45454545454545453, "?s?l?l?l?l?l": -4.8, "?l?l?u?l?l?l?l": -1.9, "?l?s?l?l?l?l?l": -4.0, "?l?l?l?l?s?l?l": -4.444444444444445, "?l?l?l?l?l?u?l": -0.7777777777777778, "?l?l?l?l?u?l?l": -1.5, "?l?l?l?l?l?s?l": -3.090909090909091, "?d?l?l?l?l?l?l": -188.83333333333334, "?l?u?l?l?d?l?l": -0.0, "?l?l?l?u?l?l?l": -2.4444444444444446, "?l?l?l?l?l?d?u": -1.5714285714285714, "?l?l?s?l?l?l?l": -4.375, "?l?l?u?d?l?l?l": -0.42857142857142855, "?l?l?d?l?l?l?d": -26.8, "?u?l?l?l?l": -265.8333333333333, "?l?s?l?l": -0.8, "?s?l?s?l?l?l?l": -0.0, "?l?l?l?l?l?l": -17761.8, "?l?s?l?s?l?l?l": -0.0, "?l?l?l?l?l?s": -20.6, "?d?d?l?l?l?l?l": -138.71428571428572, "?l?l?d?l?l?l": -241.4, "?l?s?l?u?l?l": -0.16666666666666666, "?l?l?l?u?l?l": -10.4, "?l?s?l?l?l?l": -8.833333333333334, "?l?l?d?s?l?l": -0.6, "?l?u?l?l?l?l": -7.666666666666667, "?l?l?l?d?l?l": -277.75, "?d?l?l?l?l?l": -216.0, "?l?l?u?l?l?l": -6.6, "?d?l?s?l?l?s": -0.0, "?u?l?l?l?u?l": -57.0, "?l?l?l?l?l?u": -15.0, "?s?l?l?l?l?u": -0.0, "?l?l?d?l?l?u": -2.0, "?l?d?l?l?u?l?d": -0.3333333333333333, "?l?s?l?d?l?u": -0.0, "?l?l?l?s?l?l": -5.166666666666667, "?l?u?u?l?l?l": -7.0, "?d?l?l?d?l?l": -20.0, "?l?d?d?l?l?l": -74.6, "?l?u?l?l?d?d": -2.2, "?l?d?l?l?l?l": -193.0, "?l?l?l?l?s?l": -7.166666666666667, "?l?l?l?u?l?l?u": -1.2857142857142858, "?l?u?l?u": -1.2, "?l?l?s?l?l": -1.1666666666666667, "?l?l?d?l?u?l": -3.0, "?l?l?l?l?l?l?u": -6.0, "?l?l?l?l?u?l": -6.833333333333333, "?l?s?d?l?d?d": -0.0, "?d?l?l?l": -22.0, "?l?l?l?l?d?l": -305.25, "?u?l?d?l?l?l": -6.6, "?l?l?u?l?l?l?s": -0.0, "?l?l?l?l?l?d": -2574.6666666666665, "?s?l?l?l?u?l": -0.2, "?l?d?l?l?l": -44.4, "?l?l?l?l?l?u?s": -0.0, "?u?l?l?l?s": -0.16666666666666666, "?d?l?l?l?l?s": -0.2, "?l?l?s?l?l?l": -6.857142857142857, "?u?d?l?l?u?l": -1.6, "?u?l?l?l?l?l": -795.8333333333334, "?l?l?l?u?u?d": -5.25, "Solution": "Solution(variables=[1, 1, 1, 1, 1, 1, 0, 0],score=[-17761.8],constraints=[])"}