{"?d?l?l?l?l?d?l?l": -2.8076923076923075, "?l?l?l?l?l?l": -17761.8, "?u?d?u?d": -0.3333333333333333, "?l?u?l?l?l?l": -9.2, "?u?l?l?l?l?l": -955.0, "?l?l?l?l?l?s?u?l": -0.0, "?l?d?l?l?l?l": -193.0, "?l?s?l?l?l?d?l?l": -0.041666666666666664, "?l?l?l?l?d?l": -244.2, "?l?l?l?l?l?u": -12.5, "?d?l?s?l?l?l": -0.2, "?l?l?l?s?l?l": -5.166666666666667, "?l?l?d?l?l?l": -241.4, "?l?l?u?l?l?l": -5.5, "?l?l?l?l?l": -5262.8, "?l?l?d?l?l?d": -84.0, "?l?l?l?l": -2493.2, "?d?l?l?l?l?l": -252.0, "?s?l?l?l?l?l": -4.0, "?l?l?l?l?u?l": -8.2, "?l?l?l?l?l?d": -2574.6666666666665, "?l?l?l?u?l?s": -0.0, "?l?s?l?l?l?l": -8.833333333333334, "?l?l?l?l?s?l": -8.6, "?l?s?l?l?l": -3.3333333333333335, "?l?l?l?u?l?l": -10.4, "?l?l?l?l?l?l?u": -6.75, "?l?l?l?l?l?u?s": -0.0, "?l?l?s?l?l?l": -8.0, "?l?l?u?l?u?l": -5.8, "?l?l?l?l?l?s": -17.166666666666668, "?l?l?l?l?l?l?s": -14.0, "?d?l?l?l?l": -46.833333333333336, "?l?l?l?l?l?l?l": -6462.6, "?l?l?u?u?l?l": -7.5, "?l?l?l?l?l?l?d": -2422.1666666666665, "?u?l?l?l?l?d?u": -0.7142857142857143, "?u?l?l?l?l?l?s": -0.5, "?d?l?l?l?l?d": -59.833333333333336, "?l?l?l?d?l?l": -222.2, "?u?l?l?l?l?l?d": -446.0, "?l?d?l?l?d?l": -72.0, "?u?d?l?l?l?l?l": -4.714285714285714, "?d?u?l?l?l?l": -144.5, "?l?l?l?l?l?s?s": -1.1111111111111112, "?l?l?l?l?l?d?d": -3314.5, "?d?l?d?l?l?d": -8.2, "?l?l?s?l?u?l": -0.0, "?l?d?l?l?u?l": -3.0, "?l?l?d?l?d?l": -44.6, "?l?l?s?l": -0.8, "?u?l?u?l?l?l": -48.5, "?s?l?l?l?u?l": -0.2, "?l?l?u?l?l?d": -2.5, "?l?u?s?l?l?l": -0.16666666666666666, "?l?d?l?l?l?l?u": -0.3333333333333333, "?u?l?l?d?l?l": -9.8, "?l?l?s?l?l?l?d": -0.5714285714285714, "?l?l?l?s?l?l?u": -0.0, "?l?s?s?l?l?l": -0.6, "?l?d?l?l?s?l": -0.3333333333333333, "?l?l?d?d?l?l": -146.8, "?l?d?d?l?l?l": -62.166666666666664, "?l?l?d?l?l?d?d": -17.0, "?l?l?u?d?l?l": -2.3333333333333335, "Solution": "Solution(variables=[1, 1, 1, 1, 1, 1, 0, 0],score=[-17761.8],constraints=[])"}