{"?l?d?d?d?d?l?l": -15.5, "?l?l?l?l?l?s?d?d": -2.90625, "?s?u?l?s": -0.0, "?s?d?d?d?l?u?d": -0.0, "?l?s?u?s": -0.0, "?l?l?l?d?d?l?l": -82.66666666666667, "?l?d?d?l?l?s?d?d": -0.0, "?s?u?s?s": -0.0, "?s?u?u?s": -0.0, "?l?d?d?d?d?u?l": -0.0, "?l?l?l?s?l?s?d?d": -0.0, "?l?l?l?l?d?d?l": -74.4, "?l?l?l?d?d?l?d": -12.5, "?l?l?l?d?d?s?l": -0.2, "?l?l?l?d?u?l?l": -1.1666666666666667, "?l?l?l?d": -181.0, "?l?l?u?d?d?l?l": -0.2, "?l?l?s?d": -0.16666666666666666, "?l?l?l?d?d?l?u": -0.0, "?l?l?l?d?d?l?s": -0.0, "?l?d?l?d?d?l?l": -6.666666666666667, "?d?l?l?d?l?l": -24.0, "?l?l?d?d?d?l?l": -52.666666666666664, "?d?l?l?d?d?l?l": -2.0, "?l?s?l?d?d?l?l": -0.0, "?l?l?l?l?d?l?l": -131.0, "?s?l?l?s?d?l?l": -0.0, "?l?d?l?d": -17.0, "?l?l?l?l?d?u?l": -0.8333333333333334, "?s?l?l?d": -0.0, "?l?l?u?d": -0.4, "?l?l?l?u": -2.4, "?d?l?l?d": -3.6, "?l?l?l?d?u?u": -1.8, "?l?l?l?l": -2493.2, "?u?l?l?d": -2.6666666666666665, "?l?d?l?d?u?l": -1.0, "?l?s?l?d": -0.0, "?l?l?l?s": -1.6666666666666667, "?d?l?l?l": -33.0, "?l?d?l?l": -24.5, "?l?l?l?l?s?l?l": -3.6363636363636362, "?d?l?l?l?s?l?l": -0.125, "?l?l?s?l": -0.8, "?l?l?l?l?u?l?s": -0.0, "?l?l?l?l?u?s?l": -0.08333333333333333, "?s?l?l?l": -0.75, "?l?s?l?l": -0.6666666666666666, "?l?l?l?l?u?l": -8.2, "?l?l?l?l?l?l": -14801.5, "?l?l?l?s?l?l?l": -13.125, "?s?l?l?l?l?l": -4.8, "?l?d?l?l?l?l": -160.83333333333334, "?l?l?u?l": -1.5, "?u?l?l?l": -120.0, "?l?d?l?l?s?l": -0.4, "?l?l?l?u?l?l": -8.666666666666666, "?s?l?l?l?l?u": -0.0, "?l?l?d?l?l?s": -0.3333333333333333, "?d?l?l?s?l?l": -0.0, "?u?l?l?l?l?l": -955.0, "?l?l?l?l?d?l": -203.5, "?l?l?s?l?l?l": -9.6, "?l?l?l?l?l": -4385.666666666667, "?l?s?l?l?l?l": -10.6, "?l?l?l?l?l?l?u": -5.4, "?l?l?l?d?l?l": -222.2, "?d?l?l?l?l?l": -302.4, "?l?l?u?l?l?l": -5.5, "?d?l?l?l?l?d": -71.8, "?u?l?l?l?l?l?u": -6.9, "?l?l?l?s?l?l": -5.166666666666667, "?l?l?l?l?l?l?s": -12.727272727272727, "?l?l?d?l?l?l": -201.16666666666666, "?u?l?l?u?l?l": -69.4, "?l?l?l?l?l?l?l": -7180.666666666667, "?l?l?l?l?l?l?d": -2076.1428571428573, "?l?l?l?l?l?s": -17.166666666666668, "?s?l?l?l?s": -0.2, "?l?l?l?u?u?l": -4.4, "?l?l?l?l?s?l": -7.166666666666667, "?l?l?l?u?l?l?d": -1.5, "?l?u?s?l?l": -0.0, "?l?l?d?u?l?l": -2.0, "?l?l?l?l?l?u": -12.5, "?l?l?l?l?l?s?l": -3.090909090909091, "?l?l?l?s?l?s": -0.0, "?l?l?l?l?l?u?d": -2.5714285714285716, "?s?l?l?l?s?l?l": -0.0, "?l?l?l?l?l?d": -2574.6666666666665, "?l?u?l?l?l?l": -7.666666666666667, "?l?u?d?l?l?l": -3.0, "?l?s?l?l?l?u?s": -0.0, "?l?l?d?l?u?s": -0.0, "?l?l?s?l?d?l": -0.2, "Solution": "Solution(variables=[1, 1, 1, 1, 1, 1, 0, 0],objectives=[-14801.5],constraints=[])"}