{"?s?l?l?l?l": -2.25, "?d?l?d?d?d?d?d": -1.6666666666666667, "?l?u?l?l?l?l?u?s": -0.0, "?d?d?s?s?s?u?d?l": -0.0, "?d?u?l?s?d?s?u": -0.0, "?d?l?s?u": -0.0, "?l?u?l?l": -1.6666666666666667, "?d?l?l?l?l": -56.2, "?s?d?s?s?s?u?d?l": -0.0, "?s?u?l?l?l?l?u?s": -0.01020408163265306, "?l?l?l?l?l": -5262.8, "?s?l?s?u?l?l?d": -0.0, "?s?s?u?l": -0.0, "?l?l?d?d?d?d?d": -181.5, "?l?u?l?l?l": -9.2, "?d?l?l?l": -22.0, "?s?u?l?l?l": -0.25, "?d?l?d?d?s?u?d?l": -0.0, "?d?d?s?s?d?d?d": -0.0, "?s?l?l?l?l?d?d": -1.0, "?d?l?d?d?d": -1.8333333333333333, "?l?l?l?l?s": -1.0, "?l?l?l?l?l?d": -3089.6, "?d?l?l?d": -3.0, "?l?l?l?l": -2493.2, "?d?l?l?u": -0.0, "?l?l?l?d?l": -70.0, "?l?l?l?l?l?u": -15.0, "?l?s?l?l?l": -3.3333333333333335, "?l?d?d?l?l": -11.666666666666666, "?s?l?l?l?s": -0.2, "?u?l?l?l?l": -319.0, "?l?l?l?l?l?s": -17.166666666666668, "?l?l?l?u?l": -5.8, "?l?l?l?d?l?l": -185.16666666666666, "?l?l?s?s?l": -0.2, "?l?s?l?l?l?l?d": -0.75, "?l?l?s?l?u": -0.0, "?l?l?s?l?l": -1.1666666666666667, "?l?l?u?l?l": -4.4, "?l?l?l?s?l": -2.1666666666666665, "?l?d?l?l?l?l": -193.0, "?l?l?l?l?l?d?u": -1.5714285714285714, "?l?d?l?l?l": -44.4, "?u?d?l?l?l": -2.8333333333333335, "?l?l?l?l?u": -7.2, "?l?l?l?l?l?l": -14801.5, "?l?l?s?l?l?l": -8.0, "?l?l?l?s?l?l": -6.2, "?l?l?l?l?d": -501.3333333333333, "?l?d?u?l?l": -2.2, "?l?l?l?l?l?l?u": -4.909090909090909, "?l?l?l?u?l?l": -10.4, "?l?l?l?l?u?u": -5.333333333333333, "?l?l?l?u?d?l": -3.2, "?d?l?l?d?u": -1.1666666666666667, "?l?u?l?l?l?l": -9.2, "?l?d?l?l?l?u": -2.3333333333333335, "?l?l?u?l?l?l": -6.6, "?l?s?l?l?l?l": -10.6, "?l?l?s?l?l?l?l": -4.375, "?l?l?l?l?l?l?l": -8078.25, "?u?d?l?l": -0.5, "?s?l?l?l?l?l": -4.8, "?l?l?l?l?d?l": -203.5, "?l?l?d?l?l?l": -241.4, "?l?d?s?l?l?l": -0.0, "?l?l?l?l?s?d": -2.6, "?l?l?s?l?s?l": -0.5, "?d?u?l?l?l?l": -173.4, "?l?l?l?s?s?l": -0.16666666666666666, "?s?l?l?l?d?l": -0.0, "?u?l?l?l?l?l": -955.0, "?d?l?l?l?l?l": -252.0, "?l?l?l?l?s?l": -8.6, "?l?u?u?l?l?l": -5.833333333333333, "?l?l?l?l?l?u?l": -1.0, "?d?l?l?l?l?l?d": -47.0, "?l?l?l?l?l?l?s": -12.727272727272727, "?l?s?l?l": -0.6666666666666666, "?l?d?l?l?l?l?l": -75.33333333333333, "?l?l?u?l?l?s?u": -0.0, "?l?u?l?l?u?l": -8.0, "?l?l?l?d?s?l?l": -0.0, "?l?s?l?l?l?d": -0.6, "?l?l?u?l?l?l?s": -0.0, "?l?l?l?l?l?u?s": -0.0, "?l?l?l?d?s?l": -0.2, "?s?l?l?l?u?l?u": -0.0, "?l?l?l?s?l?u": -0.0, "?l?l?l?l?l?s?l": -2.8333333333333335, "?l?l?l?d?l?l?l": -137.71428571428572, "?l?s?l?l?s?l": -0.16666666666666666, "?l?u?l?l?l?s": -0.0, "?l?l?u?l?l?d?s": -0.0, "?l?l?l?l?l?l?d": -2076.1428571428573, "?l?s?l?l?l?l?s": -0.1, "?l?u?l?l?l?d": -2.6, "?u?l?l?l?u?l": -47.5, "?l?l?u?l": -1.2, "?l?s?l?s?l?l": -0.2, "?l?l?l?d?u?l": -1.7142857142857142, "?l?l?s?l": -0.8, "Solution": "Solution(variables=[1, 1, 1, 1, 1, 1, 0, 0],score=[-14801.5],constraints=[])"}