{"?l?d?d?l?l?l?d?d": -9.625, "?l?l?l?d?d?d?l?l": -76.25, "?l?s?s?s?u?s?d?u": -0.0, "?u?u?s?u?d?l?s?u": -0.0, "?u?l?s?s?u?u?l?s": -0.0, "?u?u?s?u?d?s?s?u": -0.0, "?l?l?s?u?u?l?l?l": -0.0, "?l?d?l?d?d?d?l?l": -6.8, "?l?l?d?l?l?l?d?d": -16.75, "?l?u?s?u?d?l?s?u": -0.0, "?u?l?l?d?d?d?l?l": -2.0, "?u?d?d?l?l?l?d?d": -0.42857142857142855, "?s?l?l?d?d?d?l?l": -0.0, "?l?s?d?l?l?l?d?d": -0.0, "?l?l?l?l?l?l?d?d": -1871.1764705882354, "?l?l?l?d?l?d?l?l": -10.892857142857142, "?l?d?d?l?d?d?l?l": -8.833333333333334, "?l?l?d?l": -39.666666666666664, "?l?l?l?d?d?u?d?d": -0.8333333333333334, "?l?l?l?d?l?l?d?d": -10.857142857142858, "?l?l?l?d?d?d?s?l": -0.0, "?l?l?l?l?l?l?u?d": -2.125, "?u?l?l?l?l?l?d?d": -163.16666666666666, "?l?l?l?u?l?d?l?l": -0.38095238095238093, "?l?l?l?d?d?l?d?d": -16.0, "?d?l?l?l?l?u?d?d": -0.0, "?l?l?d?l?s?l?d?d": -0.0, "?l?l?l?l?l": -5262.8, "?l?s?l?l?l?s?d?d": -0.0, "?l?l?l?l": -2077.6666666666665, "?l?l?s?l?l?l?d?d": -0.15, "?l?l?l?l?u": -5.142857142857143, "?l?l?l?l?d": -601.6, "?l?s?l?l?l": -3.3333333333333335, "?l?l?l?l?l?s?d?d": -4.894736842105263, "?l?l?l?l?l?u?d?d": -1.0588235294117647, "?l?l?l?l?s": -1.2, "?s?l?l?l?l": -2.25, "?l?l?l?l?l?d?d?d": -1447.0, "?l?u?l?u?l": -5.4, "?l?d?l?l?l": -37.0, "?l?u?l?l?l": -9.2, "?l?l?s?l?l": -1.1666666666666667, "?l?l?l?d?l": -70.0, "?l?d?l?l": -24.5, "?d?l?l?l?l": -56.2, "?l?l?u?d?l": -1.6666666666666667, "?l?l?d?l?l": -70.8, "?l?l?l?s?l?d?d?d": -0.18181818181818182, "?l?l?d?u?l": -3.8, "?l?l?u?l?l": -3.6666666666666665, "?l?l?l?u?l": -5.8, "?l?l?l?l?s?u?d?d": -0.0, "?u?l?l?d?l": -6.0, "?l?l?s?d?l": -0.0, "?l?l?l?s?l": -2.6, "?l?l?l?s?l?s?d?d": -0.0, "?u?l?l?l?l": -319.0, "?u?l?l?l?s": -0.16666666666666666, "?l?l?l?l?l?s?u?d": -0.0, "?l?s?s?l?l": -0.2, "?u?l?s?l?l": -0.0, "?d?l?d?l?l": -4.8, "?l?d?u?l?l": -1.8333333333333333, "?l?l?l?l?l?l": -17761.8, "?l?l?l?l?l?s": -17.166666666666668, "?l?d?s?l?l?l": -0.0, "?l?u?l?l?s": -0.0, "?l?u?l?l?l?l": -9.2, "?l?l?l?l?u?l": -6.833333333333333, "?l?d?d?l?l": -14.0, "?l?d?l?l?l?l": -160.83333333333334, "?u?l?l?d?l?l": -9.8, "?l?l?l?l?s?l": -7.166666666666667, "?l?s?l?l?l?l": -10.6, "?s?l?l?l?l?l": -4.0, "?l?l?l?u?l?s": -0.0, "?l?l?d?l?l?l": -201.16666666666666, "Solution": "Solution(variables=[1, 1, 1, 1, 1, 1, 0, 3],score=[-17761.8],constraints=[])"}