{"?d?u?l?l?l?l?l?l": -152.8181818181818, "?l?l?l?l?l?l?l?b": -749.8972602739726, "?u?s?l?s?l?l": -0.0, "?s?d?u?d?u": -0.0, "?d?u?d?u?s": -0.0, "?u?u?d?l?l?s": -0.0, "?u?u?l?l?l?l?l?l": -3.6363636363636362, "?l?u?d?s?l?s": -0.0, "?l?s?l?s?l?l": -0.2, "?l?l?l?l?l?l": -14801.5, "?u?u?l?l?l?l?d?l": -0.13846153846153847, "?d?u?d?l?l?d?l?l": -0.0, "?d?u?u?l?l?l?l?l": -0.0, "?l?l?l?l?l?l?l?l": -3376.962962962963, "?d?u?l?l?l?l": -144.5, "?l?l?l?d?l?l?l?l": -25.584615384615386, "?d?l?l?l?l?l": -252.0, "?l?l?l?l?d": -601.6, "?l?d?l?l?l?d?l?l": -43.125, "?l?l?l?d?l?l?l?b": -40.964285714285715, "?l?s?l?l?l?l?l?l": -1.1935483870967742, "?l?l?l?d?l?l?d?b": -11.166666666666666, "?d?l?l?l?d": -10.4, "?l?u?l?l?s?s?l?l": -0.0, "?s?l?l?l?l?u?l?l": -0.0, "?l?l?s?l?d?l?l?b": -0.0, "?l?l?l?l?d?l": -244.2, "?l?l?u?l": -1.0, "?l?l?l?l": -2077.6666666666665, "?l?l?l?l?u?d?d?b": -0.5476190476190477, "?l?l?l?l?l?l?s?b": -0.5536723163841808, "?l?l?l?l?u?l": -8.2, "?l?d?l?l?l?l": -160.83333333333334, "?l?l?l?l?l?d": -3089.6, "?l?u?l?l?l?l": -7.666666666666667, "?l?l?l?l?l?l?u?b": -0.7194244604316546, "?l?l?u?l?l?l": -6.6, "?l?l?l?u?l?u": -6.333333333333333, "?l?l?s?l?l?l": -9.6, "?l?l?s?l?u?l": -0.0, "?s?l?l?l?l?l": -4.0, "?l?l?l?u?l?l": -8.666666666666666, "?l?u?l?l?u?l": -8.0, "?l?l?l?s?l?l": -5.166666666666667, "?l?l?l?l?l": -5262.8, "?l?l?l?l?l?s": -17.166666666666668, "?l?l?l?l?s?u": -0.0, "?d?l?l?l?l?l?s?b": -0.0136986301369863, "?l?l?l?l?l?u": -15.0, "?u?l?l?l?l?l?s?b": -0.09574468085106383, "?l?l?l?l?l?l?d?b": -572.8103448275862, "?l?s?l?l?l?l": -10.6, "?l?l?l?l?l?s?u?b": -0.0, "?u?l?l?l?l?d": -303.0, "?l?l?l?d?l?l": -222.2, "?l?l?l?l?s?l": -7.166666666666667, "?s?s?l?l": -0.0, "?l?s?l?l?l?l?d?b": -0.11267605633802817, "?u?l?l?l?l?l": -955.0, "?l?u?l?l?l?l?s?b": -0.0, "?l?l?d?l?l?l": -241.4, "?l?l?l?u?l?l?s?b": -0.0, "?l?l?l?l?l?u?u?b": -0.46853146853146854, "?d?l?l?d?l?l": -20.0, "?l?l?u?l?l?s": -0.0, "?u?s?l?l?l?l": -0.3333333333333333, "?l?d?l?l?l?l?l?b": -22.338709677419356, "?u?l?l?l?l": -265.8333333333333, "?l?l?l?u?l?s": -0.0, "?u?d?l?l?l?l": -6.333333333333333, "?l?u?d?l?d?l": -1.0, "?l?l?l?l?l?d?u?b": -0.47368421052631576, "?l?l?l?u?l?l?d?b": -0.38596491228070173, "?l?l?l?l?u?d": -5.0, "?d?l?l?l?l?l?d?b": -5.88, "?u?s?l?l?d?l": -0.0, "?l?l?d?l?l": -59.0, "?l?u?l?l?l?l?u?b": -0.1917808219178082, "?l?l?s?l?l": -1.1666666666666667, "?d?l?l?s?l?l": -0.0, "Solution": "Solution(variables=[1, 1, 1, 1, 1, 1, 0, 8],score=[-14801.5],constraints=[])"}