{"?l?d?d?l?d?d": -54.4, "?l?l?d?l?l?d?l?d": -12.7, "?s?l?d?l?u?s?l?d": -0.0, "?d?l?u?u?d": -0.6666666666666666, "?l?u?u?l?d?u?u?s": -0.0, "?l?d?d?l?l?d?l?d": -5.285714285714286, "?l?l?l?l?d?d": -3661.8, "?l?l?d?l?d?d": -28.4, "?l?l?d?s?l?d?l?d": -0.0, "?u?d?d?l?d?d?l": -0.8, "?l?l?d?l?l?s": -0.3333333333333333, "?l?d?d?l?d?d?l?d": -10.4, "?l?l?l?l?d?u": -3.3333333333333335, "?l?l?l?u?d?d": -2.4, "?l?d?d?l?d": -4.666666666666667, "?l?u?d?u?d?s?l": -0.0, "?l?l?l?d?d?d": -1478.6666666666667, "?l?d?l?l?d?d": -26.2, "?s?l?l?l?d?d": -0.8571428571428571, "?l?l?l?l": -2493.2, "?d?d?l?l?d?d?u": -0.16666666666666666, "?l?l?l?l?l?d": -3089.6, "?l?l?u?l?d?d": -1.8333333333333333, "?l?l?l?l?s?d": -2.6, "?l?l?u?l": -1.0, "?l?l?l?l?u?d": -6.0, "?l?l?l?l?d?l": -244.2, "?l?l?l?l?d?d?d": -1510.6, "?l?l?l?l?d?d?s": -1.1666666666666667, "?l?u?l?d?d?d?s": -0.0, "?u?l?l?l?d?d": -91.8, "?l?l?s?l?d?d": -0.3333333333333333, "?l?l?l?l?d?s": -0.4, "?l?l?s?l?d?d?l": -0.0, "?l?l?l?s?d?d": -6.4, "?l?l?l?l?d": -501.3333333333333, "?l?l?l?d?d?d?s": -1.3333333333333333, "?l?l?l?s?d?d?d": -6.0, "?l?s?l?l?l?d": -0.6, "?l?d?l?u?d?d": -0.16666666666666666, "?l?l?l?l?d?d?u": -2.6, "?d?l?l?l?d?d": -14.166666666666666, "?l?l?l?s?d?d?s": -0.0, "?l?u?l?l?d?d?d": -0.8333333333333334, "?l?d?l?l": -29.4, "?d?l?l?d?d?d": -7.5, "?l?l?l?l?l?d?s": -0.6666666666666666, "?l?l?u?l?s?l": -0.0, "?l?s?l?l?d?d": -1.4, "?l?l?d?u?d?d": -0.75, "?l?l?s?l?d?s": -0.0, "?l?u?l?l?d?d": -2.2, "?l?l?u?l?u?d": -1.1666666666666667, "?d?l?u?l?d?d": -0.2, "?l?l?u?l?d?u?l": -0.7142857142857143, "?u?l?l?l?d": -113.4, "?l?l?l?l?d?u?d": -0.16666666666666666, "?l?s?l?l?d?l": -0.2, "?l?d?l?d?u?d": -0.6666666666666666, "?l?u?s?l?d?d": -0.0, "?l?s?l?l?u?d": -0.0, "?l?l?u?l?d?d?d": -0.8, "?l?l?l?u?d?u": -2.0, "?l?l?l?l?d?d?l": -62.0, "?l?l?d?d?d?d": -1120.6, "?l?l?u?s?d?d?s": -0.0, "?u?l?l?l?d?d?s": -0.2, "?l?l?l?d?d?d?l": -49.333333333333336, "?l?s?d?l?d?d": -0.0, "?l?s?l?l?d?d?l": -0.0, "?l?l?l?s?d?s": -0.0, "?l?l?u?s?d?d": -0.0, "?l?s?u?l?d?d?l": -0.0, "?l?s?l?l?d?u": -0.0, "?l?l?u?u?d?d": -1.3333333333333333, "?l?l?s?l?d?d?u": -0.0, "Solution": "Solution(variables=[1, 1, 1, 1, 3, 3, 0, 0],score=[-3661.8],constraints=[])"}