{"?u?l?l?l?l?d": -363.6, "?d?d?d?d?d?l?l?l": -43.5, "?u?d?l?s": -0.0, "?u?u?s?s?s?d?d?u": -0.0, "?d?d?s?l": -0.0, "?d?d?d?l?l?d": -9.2, "?u?l?l?d?d?l?l?l": -2.7058823529411766, "?u?d?s?d?d?l?l?l": -0.0, "?u?l?l?l?l?d?d": -123.33333333333333, "?d?l?l?l?l?d?d": -10.8, "?u?s?d?d?u?u?d?d": -0.0, "?u?l?l?l": -144.0, "?d?u?d?d?d?d?l?l": -0.0, "?u?l?l?u": -5.4, "?u?d?d?d?d?l?l?l": -1.7142857142857142, "?u?d?l?l?l?d?d": -0.6, "?u?l?d?l?s?d?l": -0.0, "?u?l?l?d": -3.2, "?u?l?d?l": -1.1666666666666667, "?u?s?l?d?l?d": -0.2, "?u?l?l?l?l?s": -1.6666666666666667, "?u?l?l?l?d?d": -91.8, "?u?l?l?l?l?d?l": -5.5, "?u?l?l?l?u?d": -5.6, "?l?l?l?l?l?d": -2574.6666666666665, "?u?l?l?d?l?d": -1.5, "?u?l?s?l?l?d": -0.0, "?l?l?l?l?l?u?u": -0.9, "?l?l?l?l?l?d?d": -3977.4, "?l?l?l?l?l?d?s": -0.5714285714285714, "?u?l?l?s?l?d": -0.0, "?l?l?l?l?l?d?l": -102.57142857142857, "?l?l?l?l?l?l?d": -2906.6, "?l?l?l?l?l": -4385.666666666667, "?l?l?l?l?l?d?u": -1.8333333333333333, "?l?u?l?l?l?d?d": -1.1666666666666667, "?l?l?l?s?l?d?d": -0.2, "?l?l?l?l?u?d?d": -1.1666666666666667, "?l?l?l?s?l": -2.1666666666666665, "?l?d?l?l?l?l?d": -23.4, "?l?l?d?l?l?d?d": -14.166666666666666, "?l?l?l?l": -2493.2, "?l?l?l?l?s": -1.0, "?l?l?l?u?l": -5.8, "?l?u?l?l?l": -7.666666666666667, "?l?l?s?l?l": -1.4, "?l?l?l?l?u": -6.0, "?s?l?l?l?u": -0.0, "?l?l?l?l?l?l?u": -6.0, "?l?l?l?d?l": -70.0, "?u?l?l?l?l": -265.8333333333333, "?l?l?l?l?l?s?u": -0.0, "?l?l?d?l?l": -59.0, "?l?d?l?l?l": -44.4, "?l?l?l?u": -2.4, "?l?l?l?s?l?d?u": -0.0, "?d?l?l?l?l": -56.2, "?d?l?l?l": -22.0, "?l?l?l?l?d": -601.6, "?s?l?l?l?l": -1.8, "?s?l?l?l?d": -0.0, "?l?d?l?d?u": -1.5, "?u?l?l?l?l?u?d": -2.8, "?d?l?l?l?s": -0.0, "?l?s?l?l?l": -4.0, "?s?s?d?l?l": -0.0, "?l?l?l?l?l?s?d": -4.333333333333333, "?d?l?l?l?u": -1.1666666666666667, "?s?l?l?u?l": -0.0, "?l?l?l?l?l?u?d": -2.5714285714285716, "?l?l?u?l?l": -4.4, "?l?l?l?d?s": -0.0, "?l?l?u?l?l?s?u": -0.0, "?l?l?u?l?u": -4.333333333333333, "?l?l?l?s?l?l?d": -1.6666666666666667, "?l?u?l?l?l?d?l": -0.42857142857142855, "?u?d?l?l?l": -2.8333333333333335, "?l?u?s?l?l": -0.0, "?l?l?d?s?l": -0.0, "?u?l?l?l?l?d?u": -0.8333333333333334, "?l?d?l?l?d": -12.333333333333334, "?s?s?l?l?l?u?u": -0.0, "?l?u?l?l?u": -4.333333333333333, "?l?l?s?l?d": -0.2, "?u?l?d?l?l": -3.3333333333333335, "Solution": "Solution(variables=[1, 1, 1, 1, 1, 0, 3, 0],score=[-4385.666666666667],constraints=[])"}