{"?l?l?l?l?d?l?l": -112.28571428571429, "?l?l?l?l?l?d?l?d": -15.875, "?d?l?u?s": -0.0, "?u?l?u?l": -4.6, "?d?d?d?l?d?u?d?d": -0.0, "?s?s?s?d?u": -0.0, "?s?s?s?d?d?l?l": -0.0, "?l?l?l?l?u": -7.2, "?d?l?s?d?u": -0.0, "?u?l?u?l?d?l?l": -0.6666666666666666, "?l?l?l?s": -1.6666666666666667, "?d?l?l?l?l?d?l?d": -3.25, "?l?l?l?l?l?l?l": -7180.666666666667, "?l?l?l?l": -2493.2, "?l?l?l?d?l?l?l": -137.71428571428572, "?l?s?l?u?l?l?l": -0.0, "?l?l?l?l?d?l?s": -0.0, "?l?l?l?u?l?l?l": -2.2, "?d?l?l?s": -0.0, "?l?l?s?l?l?l?l": -3.1818181818181817, "?l?l?l?l?l?l?d": -2422.1666666666665, "?l?l?l?l?l": -4385.666666666667, "?l?d?l?l?l?l?l": -75.33333333333333, "?l?s?l?l?l?l?l": -4.0, "?l?l?l?l?l?l?s": -14.0, "?l?l?u?l?l?l?u": -0.2, "?l?d?l?l?l": -44.4, "?l?l?l?l?l?s?l": -3.090909090909091, "?l?l?l?s?l?l?l": -9.545454545454545, "?l?l?l?s?l?u?l": -0.0, "?l?d?l?l?l?l?d": -19.5, "?l?l?l?l?l?l?u": -7.714285714285714, "?l?l?l?l?s?l?l": -3.6363636363636362, "?l?u?l?l?l?l?l": -1.3333333333333333, "?l?s?l?l?d?l?l": -0.0, "?l?l?l?l?l?u?l": -0.7777777777777778, "?d?u?l?l?l?l?l": -249.14285714285714, "?s?l?l?l?l?l?l": -2.4, "?l?l?l?l?l?d?l": -102.57142857142857, "?l?l?l?l?l?u": -15.0, "?l?l?d?l?l?l?l": -87.57142857142857, "?d?l?l?l?l?l?l": -188.83333333333334, "?l?l?l?s?l": -2.1666666666666665, "?l?d?l?l": -36.75, "?l?s?l?l?l?u?l": -0.0, "?d?l?l?l?l": -56.2, "?d?l?l?d?l?l?l": -3.8333333333333335, "?l?l?l?l?l?l": -17761.8, "?l?l?l?u?l?l?u": -0.9, "?u?l?l?l?l": -227.85714285714286, "?u?s?l?l?l?l": -0.4, "?l?d?l?l?l?l": -160.83333333333334, "?l?l?l?l?l?s": -20.6, "?l?u?l?l?l?l": -7.666666666666667, "?l?s?l?l?l?l": -10.6, "?l?l?u?l?l?l": -5.5, "?u?l?l?l?l?l": -955.0, "?s?u?l?l?l?l": -0.5, "?l?l?s?l?l?l": -9.6, "?l?l?l?l?d?l": -203.5, "?l?l?l?u?l?l": -10.4, "?l?l?l?s?l?l": -5.166666666666667, "?l?l?s?l?u?l": -0.0, "?l?d?l?l?l?u": -2.3333333333333335, "?l?l?l?l?l?d": -3089.6, "?d?l?l?l?l?l": -252.0, "?l?l?d?l?l?l": -241.4, "?u?l?s?l?l?l": -0.6666666666666666, "?d?s?l?l?l?l": -0.0, "?s?l?l?l?l?l": -4.0, "?l?l?l?d?l?l": -222.2, "?l?l?l?l?u?l": -6.833333333333333, "?l?l?l?l?d?s": -0.4, "?l?s?l?l?s?s?l": -0.0, "?l?l?l?u": -3.0, "?l?l?d?s?l?l": -0.6, "?l?l?l?l?s?l": -8.6, "?l?l?s?l?l?l?s": -0.07692307692307693, "?l?l?s?l?d?l": -0.2, "?l?l?d?d?u?l": -1.5, "?d?l?l?s?l?l": -0.0, "?l?d?l?l?s?l": -0.4, "?l?l?u?d?l?l": -2.0, "?l?l?s?s?l?l": -0.3333333333333333, "?l?l?l?s?u?l?u": -0.0, "?d?l?l?l?l?d": -71.8, "?u?l?l?l?l?l?l": -340.0, "Solution": "Solution(variables=[1, 1, 1, 1, 1, 1, 0, 0],score=[-17761.8],constraints=[])"}