{"?l?l?l?l?l?l?l?s": -4.258064516129032, "?u?u?u?d?d?d": -61.2, "?u?s?u?d?s?l?s?u": -0.0, "?d?d?l?l": -14.6, "?l?d?d?d?d?d?d?d": -188.83333333333334, "?s?s?l?l?l": -0.4, "?l?l?l?l": -2077.6666666666665, "?u?u?u?u": -163.6, "?u?u?u?d?d?d?s": -0.0, "?l?l?l?l?l?l?l?l": -2681.705882352941, "?l?s?l?l": -0.6666666666666666, "?l?d?d?d?d?u?d?d": -0.16666666666666666, "?l?u?l?s?l": -0.0, "?l?l?u?d": -0.3333333333333333, "?l?l?l?l?l?d?l?l": -69.45, "?l?s?l?l?l?l?l?l": -1.4230769230769231, "?s?l?l?l?l?l?l?l": -0.7419354838709677, "?l?l?l?l?u?l": -8.2, "?l?l?l?l?l?u?l?l": -0.9117647058823529, "?l?l?u?l?l?l?l?l": -1.48, "?l?s?l?s?l?l": -0.16666666666666666, "?l?l?l?l?d?l?l?l": -48.97222222222222, "?l?s?l?u?l?l?u?l": -0.0, "?l?l?l?l?l?l?s?l": -0.6410256410256411, "?l?s?s?l?l?l?l?l": -0.03773584905660377, "?d?l?d?l?l?l?l?l": -7.0, "?l?d?l?l": -29.4, "?l?l?l?l?l?s?l?l": -2.962962962962963, "?l?u?l?l?l?l?l?l": -1.5909090909090908, "?d?l?l?l?l?l?l?l": -137.0, "?l?l?l?l?l?l?d?l": -21.060606060606062, "?l?l?l?d?l?l?l?l": -79.19047619047619, "?l?l?d?l?l?l?l?l": -73.6, "?l?l?l?l?u?l?l?l": -1.5909090909090908, "?l?l?l?l?l": -5262.8, "?l?d?l?l?l?l?l?l": -102.0909090909091, "?s?l?l?l?l": -1.8, "?l?s?l?l?l": -4.0, "?l?l?l?d?l": -58.333333333333336, "?l?l?l?l?s": -1.2, "?l?l?s?l?l": -1.1666666666666667, "?l?l?l?l?d": -601.6, "?l?l?l?u?l": -4.833333333333333, "?l?d?l?l?l": -44.4, "?u?l?l?l?l": -265.8333333333333, "?l?l?u?s?l": -0.0, "?l?u?l?l?l": -7.666666666666667, "?l?l?l?s?l": -2.6, "?l?l?u?l?l": -3.6666666666666665, "?l?l?d?l?l?d?l?l": -23.125, "?l?s?l?l?l?s?l?l": -0.0, "?d?l?l?l?l": -46.833333333333336, "?l?l?l?l?u": -7.2, "?l?l?d?l?l": -59.0, "?l?l?l?l?s?s?l?l": -0.0, "?u?l?l?l?l?d?l?l": -3.857142857142857, "?l?l?l?l?s?d?l?l": -0.0, "?u?d?l?l?l": -3.4, "?u?u?l?l?l": -8.0, "?d?l?l?l?s": -0.0, "?u?l?u?l?l": -6.5, "?l?l?l?d?d": -271.4, "?u?l?l?s?l": -0.0, "?l?l?l?l?u?d?l?l": -0.2, "?l?s?l?s?l": -0.5714285714285714, "?l?l?l?s?l?d?l?l": -0.07692307692307693, "?l?d?l?l?l?d?l?l": -49.285714285714285, "?l?l?l?u?l?u?l?l": -0.46153846153846156, "?u?s?l?l?s": -0.0, "?l?l?l?l?l?u?s?l": -0.0, "?l?l?s?l?s": -0.16666666666666666, "Solution": "Solution(variables=[1, 1, 1, 1, 1, 0, 1, 1],score=[-5262.8],constraints=[])"}