{"?l?l?l?l?l?l?d": -1816.625, "?d?u?s?l": -0.0, "?d?s?d?s?l?s?d?l": -0.0, "?s?u?d?d?l?s?s": -0.0, "?u?l?l?l?s?l?d": -0.125, "?s?l?l?l?l?l?l": -2.4, "?l?d?s?u?s?s?s?d": -0.0, "?u?u?d?d": -3.5, "?s?l?d?d?l?s?s": -0.0, "?l?l?l?l?s?l?d": -0.5714285714285714, "?u?l?l?l?l?l?d": -446.0, "?s?l?l?u?l?l?l": -0.0, "?u?s?l?l?l?l?l": -0.45454545454545453, "?u?l?l?l?l?l?l": -377.77777777777777, "?u?l?l?l?l?l?s": -0.45454545454545453, "?l?l?l?l?l": -4385.666666666667, "?u?l?l?l?s?l?l": -0.0, "?l?l?u?l?s?l?d": -0.0, "?u?l?l?l?l": -319.0, "?u?d?l?l?l?l?d": -2.0, "?u?u?d?l?l?l?d": -0.2, "?l?l?l?d": -150.83333333333334, "?l?l?l?l?l?l?l": -6462.6, "?d?l?l?s?l?l?d": -0.0, "?l?l?l?l?l?u?d": -3.0, "?l?l?l?d?l?l?d": -18.666666666666668, "?u?l?d?l?l?l?d": -0.6, "?l?u?l?l?l?l?l": -1.2, "?l?l?u?l?l?l?d": -1.5, "?l?l?l?l?d?l?d": -30.333333333333332, "?l?l?l?l?l?l?s": -14.0, "?l?l?u?l?d?l?d": -0.16666666666666666, "?l?l?d?l?l?l?d": -26.8, "?l?l?l?s?l": -2.1666666666666665, "?l?l?l?l?l?u?l": -0.7, "?l?l?u?u?l?l?l": -1.1111111111111112, "?l?l?u?s?l": -0.0, "?l?l?u?l?l?l?l": -2.111111111111111, "?l?l?l?l?l?l": -14801.5, "?l?l?l?l?s?l?l": -4.0, "?l?l?s?l?l?l?l": -3.1818181818181817, "?s?l?l?l?s?l?l": -0.0, "?l?s?l?l": -0.6666666666666666, "?l?l?l?l?l?u": -15.0, "?l?l?l?u?l?l?l": -2.2, "?l?l?l?l?l?d": -3089.6, "?l?s?l?l?l?u?l": -0.0, "?l?l?l?l?s?l": -8.6, "?l?u?l?l?l?l": -7.666666666666667, "?s?l?l?l?l?l": -4.8, "?l?l?l?u?l?l": -8.666666666666666, "?d?l?l?l?l?l": -302.4, "?l?l?u?l?l?l": -5.5, "?l?d?l?l?l?l?l": -64.57142857142857, "?l?l?d?u?l?l": -2.5, "?l?l?l?l?s": -1.2, "?l?l?l?l": -2493.2, "?l?l?u?l?s?l": -0.0, "?l?u?l?l?u?l": -8.0, "?l?s?l?d?l?l": -0.0, "?l?d?l?u?l?l": -1.6, "?l?u?l?l?s?l?l": -0.0, "?d?l?l?l?l?l?s": -0.0, "?l?d?l?l?l?l": -160.83333333333334, "?u?l?l?l?l?l": -955.0, "?l?l?l?l?d?d": -3051.5, "?l?d?l?d?u?l": -1.2, "?l?l?l?s?l?l": -5.166666666666667, "?l?l?d?l?l": -70.8, "?d?l?l?u?u?l": -0.3333333333333333, "?l?l?l?d?l?l": -222.2, "?l?l?l?d?l?l?u": -0.8333333333333334, "?l?l?l?l?d?l": -244.2, "?l?l?l?l?u?l?d": -1.6666666666666667, "?l?s?l?l?l?l": -8.833333333333334, "?l?l?d?l?l?l": -241.4, "?d?l?l?l?d?l": -16.333333333333332, "?l?l?l?u?l": -5.8, "?l?l?d?d?l?l": -122.33333333333333, "?s?l?l?l?s?l": -0.2, "?l?u?l?u?l?l": -6.333333333333333, "?l?l?d?l?d?l": -55.75, "?l?l?l?l?l?s?u": -0.0, "?l?l?u?l?l?s": -0.0, "?l?l?l?l?l?l?u": -6.0, "?l?l?l?l?u?l": -8.2, "?d?d?l?l?l?l": -178.0, "?l?l?l?l?s?l?s": -0.0, "?l?l?l?l?l?s": -17.166666666666668, "?u?l?l?l?l?d": -363.6, "?l?l?s?l?l?l": -8.0, "?l?d?d?l?l?l": -62.166666666666664, "?l?l?l?u?l?u": -6.333333333333333, "?l?l?s?l": -0.8, "?s?l?d?l?u?l": -0.0, "?l?l?d?l?l?l?l": -87.57142857142857, "?l?l?l?s?s?l": -0.2, "?u?d?l?l?l?l": -6.333333333333333, "?s?l?l?u?l?l": -0.0, "?l?l?u?d?l?l": -2.8, "Solution": "Solution(variables=[1, 1, 1, 1, 1, 1, 0, 0],score=[-14801.5],constraints=[])"}