{
    "?d?d?l?d?l?d": -2.3333333333333335,
    "?l?l?l?l?d?l?l": -131.0,
    "?u?l?l": -3.5,
    "?d?d?d?d?u?u?u": -3.8333333333333335,
    "?u?u?u?u?u?u?d?d": -12.25925925925926,
    "?u?u?s?d?l?s?l?l": -0.0,
    "?d?u?s?l": -0.0,
    "?u": -0.0,
    "?u?u?s?s?s?l?s?u": -0.0,
    "?u?l?l?l?u?s?d?s": -0.0,
    "?u?l?d": -1.8,
    "?d?l?d?d?u?u?d?d": -0.0,
    "?u?u?d?u?u?u?u": -2.5,
    "?l?l?l?l?s?l?l": -3.3333333333333335,
    "?d?d?d?d": -1619.0,
    "?d?d?d?u?u?u?d?d": -0.2,
    "?u?u?u?d": -4.666666666666667,
    "?l?l?l?l?d?u?d?d": -0.16666666666666666,
    "?u?u?u?u?u?l?u": -0.7,
    "?u?u?l": -1.2,
    "?u?l?u?u?u?u?d?d": -0.17647058823529413,
    "?l?l?l?u?u?u?d?d": -1.8333333333333333,
    "?u?u?u?l?d?l?l": -0.4,
    "?d?d?d?d?u?l?u": -1.0,
    "?u?d?u?u?u?u?d?d": -0.8333333333333334,
    "?l?u?u?d?u?u?d?d": -0.1,
    "?u?u?u?d?u?u?d?d": -1.1428571428571428,
    "?d?u?u?u?u?u?s?d": -0.0,
    "?l?l?l?l?l?l?l": -10771.0,
    "?l?l?d?d?l?d?u": -0.0,
    "?d?d?l?l?d?l?l": -1.6666666666666667,
    "?d?l?l?l?d?l?l": -7.0,
    "?l?d?d": -1.1666666666666667,
    "?d?l?l?l?d?l?d?d": -1.7142857142857142,
    "?u?l?u?u?u?u?l": -0.3,
    "?l?l?l?l?u?u?d?d": -0.5,
    "?l?s?u?u?d?l?l": -0.0,
    "?l?s?l?l?l?l?l": -4.888888888888889,
    "?l?d?d?d": -119.0,
    "?l?l?s?l?d?l?l": -0.0,
    "?l?l?s?l?l?l?l": -3.1818181818181817,
    "?d?d?l?l?d?u?l": -0.16666666666666666,
    "?l?l?d?d?u?u?u": -0.2,
    "?d?d?d?d?d?u?u": -1.6,
    "?l?l?s?l?u?l?l": -0.0,
    "?u?l?d?l": -1.4,
    "?l?l?d?l?l?l?l": -102.16666666666667,
    "?l?l?l?u?d?l?l": -0.3333333333333333,
    "?d?d?l": -1.8333333333333333,
    "?l?l?l?l": -2493.2,
    "?l?d?l?l?l?l?l": -64.57142857142857,
    "?l?u?l?l?l?l?l": -1.2,
    "?l": -0.0,
    "?l?l?l?l?u?l?l": -2.142857142857143,
    "?u?l?l?l?l?d?l": -4.714285714285714,
    "?l?l": -0.0,
    "?l?l?l?l?l?l?s": -15.555555555555555,
    "?l?l?l?l?l?l?u": -5.4,
    "?l?l?l?l?l?s?l": -3.7777777777777777,
    "?l?l?l?l?l": -4385.666666666667,
    "?l?l?l?l?l?u?l": -1.1666666666666667,
    "?l?l?u?l?l?l?l": -1.9,
    "?l?u?l?l?l?l?s": -0.0,
    "?l?l?l?u?l?l?l": -3.142857142857143,
    "?l?l?l": -75.66666666666667,
    "?l?l?l?l?l?l?d": -2422.1666666666665,
    "?l?l?l?s?l?l?l": -11.666666666666666,
    "?s?l?l?l?l": -2.25,
    "?l?d?l?l?l?l?u": -0.2857142857142857,
    "?l?l?l?l?l?d?l": -119.66666666666667,
    "?s?l?l?l?l?l?l": -2.6666666666666665,
    "?l?l?s?l?l?s?l": -0.16666666666666666,
    "?l?l?l?l?d?l?s": -0.0,
    "?l?l?l?l?l?l": -14801.5,
    "?d?l?l?l?l?l": -302.4,
    "?l?l?l?l?d?l": -203.5,
    "?l?u?l?l?l?l": -9.2,
    "?d?l?l?u?l?l": -1.0,
    "?l?l?l?l?l?d": -2574.6666666666665,
    "?l?l?l?l?d": -601.6,
    "?l?d?l?l?l?l": -160.83333333333334,
    "?l?s?l?l?l?l": -10.6,
    "?l?l?l?l?l?s": -17.166666666666668,
    "?l?l?l?l?l?u": -15.0,
    "?l?u?s?l?l?l": -0.16666666666666666,
    "?l?l?l?l?u?l": -6.833333333333333,
    "?l?s?s?l?l?l": -0.6,
    "?l?s?l?l": -0.6666666666666666,
    "?u?l?l?l?l?l": -955.0,
    "?l?l?l?s?l?d": -0.5,
    "?s?l?u?l?l?l": -0.0,
    "?l?l?s?l?l?l": -8.0,
    "?d?l?l": -2.25,
    "?l?l?l?s?l?l": -5.166666666666667,
    "?l?l?l?d?l?l": -222.2,
    "?l?l?l?u?l?l": -10.4,
    "?l?l?l?l?s?l": -7.166666666666667,
    "?l?d?l?s?l?l": -0.4,
    "?l?d?l?l?l?d": -40.5,
    "?l?l?l?l?s": -1.2,
    "?l?u?l?l?s?l": -0.0,
    "?d?l?l?l?d?l": -19.6,
    "?d?l?l?u?d?l": -0.16666666666666666,
    "?l?l?s?l?l": -1.1666666666666667,
    "?u?l?u?l?l?l": -58.2,
    "?u?d?l?l?l?l": -6.333333333333333,
    "?l?d?l?l?l?l?d": -23.4,
    "?l?l?d?l?l?l": -201.16666666666666,
    "?l?l?u?l?l?l": -6.6,
    "?s?d?l?l?l": -0.0,
    "?u?l?l?l?l?l?s": -0.45454545454545453,
    "?l?l?u?l?s?l": -0.0,
    "?l?d?l?l?l?l?s": -0.0,
    "?d?l?l?s?l?l?d": -0.0,
    "?u?l?l?l?l?u": -59.0,
    "?s?l?l?l?l?l": -4.8,
    "?d?l?l?l": -22.0,
    "?l?l?u?l?l?l?s": -0.0,
    "?l?s?l?l?d?l": -0.16666666666666666,
    "?l?l?l?d?d?l": -93.0,
    "?s?l?l?l?l?d": -0.3333333333333333,
    "?d?l?l?d?u?l": -0.16666666666666666,
    "?d?l?l?l?u?l?s": -0.0,
    "?d?l?l?l?l?l?l": -188.83333333333334,
    "?s?l?l": -0.25,
    "Solution": "Solution(variables=[1, 1, 1, 1, 1, 1, 0, 0],objectives=[-14801.5],constraints=[])"
}