{"?l?d?d?d?d?d?l?l": -5.428571428571429, "?s?u?d?s?d?u?s?u": -0.0, "?u?u?d?s?u?l?d?u": -0.0, "?l?d?d?d?d?d?s?l": -0.0, "?l?u?l?d?d?d?l?l": -0.3333333333333333, "?l?d?d?s?d?d?l?l": -0.0, "?l?d?d?d?u?d?l?l": -0.3333333333333333, "?l?d?d?d?d?u?l?l": -0.14285714285714285, "?s?d?d?d?d?l?l?l": -0.0, "?l?u?d?s?d?u?s?u": -0.0, "?l?d?d?d?d?l?l?l": -12.571428571428571, "?l?d?d?d?s?l?l?l": -0.0, "?l?d?d?d?d?s?u?l": -0.0, "?l?d?d?u?d?d?l?l": -0.5, "?l?d?d?d?d": -57.8, "?l?d?d?d?d?l?u?l": -0.0, "?l?d?d?d?d?s?d?l": -0.0, "?l?d?d?d": -99.16666666666667, "?l?d?d?u?d?l?l?l": -0.0, "?l?l?d?d?d": -109.83333333333333, "?l?d?s?s?d": -0.0, "?l?d?u?d?d": -0.3333333333333333, "?u?l?d?d?d": -3.75, "?s?d?d?d?d": -0.0, "?l?d?d?d?l": -12.2, "?l?d?d?d?s": -0.0, "?l?l?d?d": -63.0, "?d?l?s?d?d": -0.0, "?l?u?d?d?d?d?d?l": -0.2, "?l?l?s?d?d": -0.3333333333333333, "?l?l?d?d?s": -0.0, "?l?l?d?d?d?l?d?l": -4.625, "?l?u?d?d?d": -2.2, "?l?l?d?d?u": -1.1666666666666667, "?l?l?u?d?d": -1.75, "?l?l?d?l?d": -15.2, "?l?s?d?d?d": -0.0, "?l?l?d?d?d?d?d?l": -8.833333333333334, "?u?s?d?d?d": -0.0, "?l?l?d?d?d?s?d?l": -0.0, "?l?l?d?d?l": -16.5, "?l?s?d?s?d": -0.0, "?s?l?d?d?d": -0.0, "?l?l?d?d?d?d?u?l": -0.14285714285714285, "?l?l?d?s?d": -0.0, "?l?l?d?d?d?u?l?l": -1.2, "?l?l?d?u?d": -1.6666666666666667, "?l?l?d?d?d?s?u?l": -0.0, "?l?l?d?d?d?u?d?l": -0.14285714285714285, "?l?l?d?d?d?l?u?l": -0.3333333333333333, "?l?l?l?d?d?s?d?l": -0.0, "?l?l?d?d?s?l?s?l": -0.0, "?l?l?u?d?l?d?d?l": -0.1111111111111111, "?d?l?d?d?d": -2.2, "?l?l?d?d?d?u?u?l": -0.1111111111111111, "?l?l?l?d?d": -226.16666666666666, "?l?s?d?l?d": -0.0, "?d?l?l?d?d": -2.5, "?l?l?l?d?d?l?d?l": -24.75, "?u?l?l?d?d": -9.0, "?s?l?l?l?d": -0.0, "?l?l?l?d?l": -70.0, "?l?l?l?d?s?l?d?l": -0.0, "?l?l?l?d?d?s": -0.5, "?l?l?l?d?d?u?d?l": -0.3333333333333333, "?l?s?l?d?d": -0.5, "?u?l?l?s?d": -0.4, "?l?l?l?d?d?d?d?l": -47.333333333333336, "?l?l?l?d?d?u": -1.2, "?l?l?l?d?s": -0.0, "?l?l?l?l?d": -501.3333333333333, "?d?d?l?d?d": -7.25, "?l?d?l?d?d": -6.666666666666667, "?l?l?l?d": -226.25, "?l?l?l?d?u": -2.5, "?l?l?l?l": -2493.2, "?l?l?l?l?d?u?d?l": -0.08, "?l?u?l?l?d": -4.0, "?l?l?l?l?u": -6.0, "?l?l?l?l?d?s?d?l": -0.0, "?d?l?l?l?d": -10.4, "?l?l?l?l?d?s": -0.3333333333333333, "?l?l?l?l?d?u": -4.0, "?u?l?l?l": -120.0, "?l?l?l?u": -2.4, "?l?d?l?l": -24.5, "?l?l?s?l": -0.6666666666666666, "?l?u?l?l": -2.0, "?s?l?l?l": -0.75, "?l?l?l?s": -1.6666666666666667, "?l?l?l?l?l": -5262.8, "?l?l?u?l?l?s?d?l": -0.0, "?l?l?l?s?l": -3.25, "?l?s?l?l?l": -3.3333333333333335, "?l?d?u?l?l?l?s?l": -0.0, "?l?d?l?l?d": -14.8, "?l?l?l?l?d?s?s?l": -0.0, "?l?l?l?l?l?u?s?l": -0.0, "?l?l?l?l?l?d?s?l": -0.0, "?l?l?l?l?l?l?d?l": -23.559322033898304, "?l?l?l?l?l?u?d?l": -0.42105263157894735, "?l?d?l?l?l": -44.4, "?u?l?l?l?l": -319.0, "?l?l?l?l?l?d?d?l": -36.875, "?l?l?l?l?s": -1.0, "?l?l?l?l?u?s?d?l": -0.0, "?l?l?l?u?l": -5.8, "?s?l?l?l?l": -2.25, "?d?l?l?l?l": -46.833333333333336, "?l?s?l?l?l?d?s?l": -0.0, "Solution": "Solution(variables=[1, 1, 1, 1, 1, 0, 3, 1],score=[-5262.8],constraints=[])"}