{"?d?d?l?l?l": -27.6, "?l?d?d?l?l?d": -18.5, "?l?s?d?s": -0.0, "?u?l?s?d?d?d?u": -0.0, "?d?d?l?l?d?l": -8.4, "?l?u?l?l?l": -7.666666666666667, "?d?u?d?l": -0.3333333333333333, "?d?d?l?l?s": -0.0, "?u?d?d?l?l?d": -0.8333333333333334, "?s?d?l?l?d?l": -0.0, "?d?d?l?l?d": -3.1666666666666665, "?d?d?l?s?d?l": -0.0, "?l?d?u?l?l?d": -0.3333333333333333, "?d?d?l?l": -14.6, "?d?u?l?l?d?l": -0.5, "?l?d?d?l": -16.4, "?d?d?l?l?s?l": -0.0, "?d?d?l?u?u?d": -0.4, "?d?d?l?l?l?d": -14.333333333333334, "?l?d?l?l?l": -44.4, "?d?d?d?l": -8.0, "?d?s?l?l?l": -0.0, "?l?d?l?l?l?d": -40.5, "?l?d?l?l?d": -14.8, "?l?d?l?u?l": -1.8333333333333333, "?l?d?l?l?l?u": -2.3333333333333335, "?l?d?u?l?l": -1.8333333333333333, "?l?d?d?l?l": -14.0, "?l?l?l?l?l": -4385.666666666667, "?l?d?l?l?l?s?d?s": -0.0, "?l?d?l?l?l?l?d?s": -0.0, "?u?l?l?l?l": -319.0, "?u?l?d?l": -1.1666666666666667, "?l?l?l?l?l?s": -17.166666666666668, "?l?u?l?l?u": -5.2, "?l?l?l?d?l": -58.333333333333336, "?u?l?l?l?u?d?d": -4.2, "?l?l?s?l?l": -1.1666666666666667, "?l?l?l?l?s": -1.2, "?l?l?l?u?l": -4.833333333333333, "?l?l?l?l": -2493.2, "?l?s?l?l?l": -3.3333333333333335, "?l?l?l?l?u": -7.2, "?l?l?u?l?l": -3.142857142857143, "?l?l?s?d?l": -0.0, "?d?l?l?l?l?s": -0.16666666666666666, "?l?l?l?l?l?l?l?d": -1207.3333333333333, "?l?l?d?l?l": -59.0, "?l?l?l?l?l?d": -3089.6, "?l?l?l?l?l?l": -14801.5, "?l?l?l?l?s?u": -0.0, "?l?d?l?s?l": -0.16666666666666666, "?l?l?l?l?l?l?d?d": -4544.285714285715, "?l?l?l?s?l?l": -4.428571428571429, "?u?l?d?l?l?l": -6.6, "?l?l?l?d?l?l": -158.71428571428572, "?l?l?l?l?l?l?d?d?l?d?l?s": -0.0, "?l?l?s?l?l?l": -8.0, "?l?d?l?l?l?l?s?d": -0.0, "?l?d?l?l?l?l?d?d": -13.3, "?l?l?l?l?u?l?d?d": -0.4375, "?u?l?l?l?l?l?d?d": -115.17647058823529, "?l?l?l?l?u?l": -8.2, "?s?l?l?l?l?l": -4.0, "?l?d?l?l?l?l": -160.83333333333334, "?l?d?l?u?l?l": -1.6, "?l?l?d?l?l?l": -172.42857142857142, "?l?d?l?l?l?l?l?d": -9.73076923076923, "?l?l?l?l?d?d?s": -1.1666666666666667, "?u?l?l?l?u?l": -57.0, "?l?l?l?l?s?l": -7.166666666666667, "?l?l?l?l?l?l?l?l": -3376.962962962963, "?l?l?l?l?l?u": -15.0, "?d?l?l?l?d?l": -16.333333333333332, "?u?l?l?l?l?l?l?u?s?d?l?s": -0.0, "?l?s?l?d?l?l?s?d": -0.0, "?u?l?l?s?l?l": -0.0, "?l?l?d?l?s?l": -0.0, "?l?l?l?u?s?l": -0.0, "?s?l?l?l?l?s": -1.2, "?l?l?l?l?d?l": -203.5, "?l?u?l?l?l?l": -9.2, "?l?l?l?u?l?d?s?d": -0.0, "?l?l?l?s?l?l?l?d": -0.3333333333333333, "?l?l?l?d?l?l?l?d": -36.411764705882355, "?l?l?l?l?l?l?s?d": -2.6, "?l?l?l?s?l?l?s?d": -0.0, "?l?s?l?l?l?l": -8.833333333333334, "?l?l?l?l?l?l?l?d?u?d?l?l": -0.0, "?l?l?l?l?l?l?u?d": -0.5151515151515151, "?l?l?l?u": -2.4, "?l?l?s?l?l?d": -1.0, "?u?l?l?l?l?d": -363.6, "?d?l?l?u?l?l": -0.7142857142857143, "?l?l?u?l?l?l": -6.6, "?u?l?l?l?l?l": -795.8333333333334, "?l?d?l?s?d?l": -0.0, "?l?l?l?s?l?l?l?d?l?s?l?s": -0.0, "?l?l?l?u?l?l": -10.4, "?l?l?l?s?l?u": -0.0, "?l?u?s?l?l?l": -0.2, "?s?l?l?u?l?l": -0.0, "?l?l?d?l?l?l?u?d?s?d?l?l": -0.0, "?l?l?d?s?l?l": -0.5, "?l?s?l?l?u?l": -0.0, "?u?d?l?l?l?l": -6.333333333333333, "Solution": "Solution(variables=[1, 1, 1, 1, 1, 1, 0, 3, 0, 3, 1, 4, 0],score=[-14801.5],constraints=[])"}