{"?l?d?l?l?l?l?d?l": -29.545454545454547, "?d?d?d?l?l": -23.25, "?s?l?u?l": -0.0, "?l?d?l?l": -29.4, "?d?s?u?l": -0.0, "?l?d?l?l?l": -44.4, "?u?d?l?d?l?l?d?l": -0.3, "?l?d?l?l?l?d?u?l": -0.12, "?l?d?d?l?l?u?u?l": -0.1, "?d?d?l?l?l?l?d?l": -3.0, "?l?d?d?l?l": -14.0, "?l?d?l?l?u": -1.8333333333333333, "?l?d?l?l?s?l?d?l": -0.1111111111111111, "?l?d?l?l?l?l?u?l": -0.3125, "?l?d?u?l?l?l?d?l": -0.25, "?l?d?d?l": -16.4, "?l?u?l?l?l": -7.666666666666667, "?l?d?u?l?l": -2.2, "?l?d?l?u?l?l?d?l": -0.15384615384615385, "?l?d?l?d?l": -24.8, "?l?d?s?l?l": -0.0, "?l?d?l?l?d?u": -1.3333333333333333, "?d?d?l?l?l": -27.6, "?l?d?l?u?l": -1.8333333333333333, "?l?d?l?l?s": -0.0, "?d?d?l?l?u": -3.8, "?u?d?l?l?l": -3.4, "?l?s?l?l?u": -0.0, "?d?d?l?l?l?l": -213.6, "?l?d?l?l?l?l": -193.0, "?l?s?l?d?l": -0.0, "?l?d?l?d?d?l": -15.0, "?d?d?l?l?l?l?d": -9.5, "?u?d?l?l?l?l": -7.6, "?d?d?l?l?u?l": -0.8333333333333334, "?d?d?l?d?l?l": -3.5, "?d?d?l?l?l?l?s": -0.0, "?d?d?l?l?l?s": -0.0, "?d?d?l?u?l?l": -0.75, "?d?s?l?l?l?l": -0.0, "?d?l?l?l?l?l": -302.4, "?d?d?u?l?l?l": -3.8, "?d?d?l?l?l?l?l": -194.2, "?d?l?l?l?u?l": -0.5, "?d?l?l?l?u?u": -0.4, "?u?l?d?l?l?l?s": -0.0, "?d?l?l?l?l?d": -71.8, "?d?l?l?l?l?l?d": -56.4, "?d?l?l?l?d?u": -0.3333333333333333, "?d?l?l?l?s": -0.0, "?d?l?u?l?l?l": -0.3333333333333333, "?d?l?l?u?l?l": -1.0, "?d?l?l?l?d?l": -16.333333333333332, "?d?l?l?d?l?l": -20.0, "?d?l?l?s?l?l?s": -0.0, "?l?l?l?l?s?l": -7.166666666666667, "?u?l?l?l?l?l": -955.0, "?d?l?l?l?l": -46.833333333333336, "?d?l?l?l?l?l?u": -0.2857142857142857, "?d?l?l?l?s?l": -0.0, "?d?l?l?s?l?l": -0.0, "?d?l?l?l": -26.4, "?u?u?l?l?l?l": -13.0, "?s?l?l?l?l?d": -0.4, "?u?l?l?l?l?u": -59.0, "?u?l?l?l?l?l?s": -0.4166666666666667, "?u?u?l?l?l?u": -5.2, "?u?l?l?l?d?l": -7.666666666666667, "?u?s?l?l?l?l": -0.3333333333333333, "?u?l?l?d?l?l": -9.8, "?l?l?l?l?l?l": -14801.5, "?u?l?l?l?l?d": -363.6, "?l?l?l?l?l?u": -12.5, "?l?l?l?l?l?l?d": -2422.1666666666665, "?l?l?l?l?d?d": -3051.5, "?l?l?l?s?l?l": -5.166666666666667, "?l?l?l?l": -2493.2, "?l?l?d?l?l?l": -201.16666666666666, "?s?l?l?l?s?s": -0.2, "?l?l?l?l?l?l?u": -5.4, "?l?l?l?d?l?l": -222.2, "?l?l?l?l?l": -4385.666666666667, "?l?l?u?l?l?l": -5.5, "?l?l?l?l?l?l?l": -10771.0, "?l?l?l?l?l?s": -17.166666666666668, "?l?l?d?l?l?l?l": -87.57142857142857, "?l?u?l?l?l?l": -7.666666666666667, "?s?l?l?l?l?l": -4.8, "?l?l?s?l?l?l": -8.0, "?l?l?l?l?l?d": -2574.6666666666665, "?l?l?l?l?d?l": -305.25, "?l?l?l?u?s?l": -0.0, "?u?l?l?l?l?s": -2.0, "?l?s?l?l?l?l": -8.833333333333334, "?l?d?l?l?u?l": -3.0, "?u?l?l?l?s?l": -0.16666666666666666, "?l?l?l?l?l?l?s": -23.333333333333332, "?l?l?l?l?u?l": -6.833333333333333, "?l?l?l?l?l?u?s": -0.0, "?u?l?l?s?l?l": -0.0, "?l?l?l?d": -150.83333333333334, "?l?l?l?u?l?l?s": -0.0, "?u?l?d?l?l?l": -5.5, "?s?l?l?l?s?l": -0.2, "?s?l?s?l?l?l": -0.0, "?l?l?s?l?l?l?d": -0.5714285714285714, "Solution": "Solution(variables=[1, 1, 1, 1, 1, 1, 0, 0],score=[-14801.5],constraints=[])"}