{"?d?l?l?l?l?d?d?d": -4.833333333333333, "?l?l?l?l?l?d?d?l": -21.85185185185185, "?d?d?l?s?u": -0.0, "?s?s?s?s?u?u?l?u": -0.0, "?l?l?l?s?u?u?l?u": -0.0, "?s?s?s?l?l?d?d?l": -0.0, "?l?l?l?l?l?d?d?d": -1085.25, "?d?l?l?l?l?d?d?l": -2.625, "?s?l?l?l?s?d?d?l": -0.0, "?l?l?l?l?l?l?d?l": -126.36363636363636, "?l?l?l?l?l?d?s?d": -0.4, "?l?u?l?l?l?d?d?d": -1.1428571428571428, "?s?s?l?l?l": -0.3333333333333333, "?l?l?l?d?l?l?d?d": -16.88888888888889, "?l?l?u?l?l?l?d?l": -0.38095238095238093, "?s?l?l?l?l?l?d?l": -0.0, "?l?l?l?l?d?d?d?l": -35.666666666666664, "?l?l?l?l?l?d?u?d": -0.75, "?l?l?l?l?l?d?l?d": -22.41176470588235, "?l?l?l?l?d?d?d?d": -1856.75, "?l?l?l?d?l?d?d?d": -8.714285714285714, "?l?l?l?l?l": -5262.8, "?l?l?l?l?d?d?u?d": -0.1, "?l?l?l?l?d": -601.6, "?l?l?l?l": -2077.6666666666665, "?l?l?l?s?s?d?d?d": -0.08333333333333333, "?l?s?l?l?u": -0.0, "?l?l?l?l?s": -1.2, "?s?l?l?l?l": -1.5, "?l?l?s?l?l": -1.4, "?l?l?l?l?u": -6.0, "?l?u?l?l?l": -9.2, "?l?l?s?l?l?s?d?d": -0.0, "?d?s?l?l?l": -0.0, "?d?l?l?l?l": -56.2, "?l?u?l?u?l": -4.5, "?l?l?l?l?l?s?d?d": -4.894736842105263, "?l?l?l?l?l?u?d?d": -1.0588235294117647, "?l?l?l?l?l?l?d?d": -1178.148148148148, "?l?l?l?u?l": -4.833333333333333, "?l?l?l?u?l?u?d?d": -0.29411764705882354, "?d?l?l?l?u": -1.1666666666666667, "?l?d?l?d?l": -20.666666666666668, "?l?u?l?l?s": -0.0, "?l?l?d?l?l": -59.0, "?l?l?u?l?l": -4.4, "?u?l?l?l?l": -265.8333333333333, "?l?s?l?l?l": -4.0, "?l?l?d?l?l?d?d?d": -8.125, "?l?s?l?l?l?u?d?d": -0.0, "?u?d?l?l?l": -2.8333333333333335, "?l?l?l?d?l": -70.0, "?l?l?l?s?l": -2.1666666666666665, "?l?u?l?s?l?s?d?d": -0.0, "?u?u?d?l?l": -1.0, "?s?l?l?l?d?d?d?d": -0.7142857142857143, "?l?u?l?l?l?u?d?d": -0.5, "?l?d?l?l?l": -37.0, "?l?u?l?d?l": -2.4, "?l?l?l?u?l?l?d?d": -0.6470588235294118, "?l?u?d?l?l": -1.4, "?l?l?d?l?l?u?s?d": -0.0, "?l?l?s?s?l": -0.2, "?l?d?l?l?l?s?d?d": -0.0, "?l?l?u?d?l": -2.0, "?l?l?l?s?d?s?d?d": -0.0, "?d?u?l?l?l": -74.5, "?l?l?l?s?l?d?d?d": -0.2, "?l?l?d?l?s": -0.0, "Solution": "Solution(variables=[1, 1, 1, 1, 1, 0, 3, 3],score=[-5262.8],constraints=[])"}