{"?d?d?d?d?d?l?d?d": -3.2, "?d?d?d?l?d?d?d?d": -3.6666666666666665, "?u?u?u?s?d": -0.2, "?d?l?d?l?d?d?u?d": -0.0, "?d?s?s?l?d?d?d?d": -0.0, "?u?u?u?l?d?d?d?d": -0.5714285714285714, "?d?d?d?s?d?u?l?d": -0.0, "?d?d?s?l?d?d?l?d": -0.0, "?s?d?d?d?d?l?d?d": -0.0, "?s?d?d?l?l?d?d?d": -0.0, "?d?u?d?d?d?l?d?d": -0.0, "?d?d?d?l?d?l?d?d": -1.6, "?d?d?u?d?d?d?l?d": -0.0, "?d?d?d?l?d": -3.0, "?u?u?u?s?d?s?d?d": -0.0, "?s?d?d?l?d?d?d?d": -0.0, "?u?d?u?s?d": -0.0, "?d?d?d?d?u?l?d?d": -0.0, "?d?d?l?l?d?d?d?d": -8.166666666666666, "?d?d?l?u?d?d?d?d": -0.4, "?d?s?d?l": -0.0, "?l?d?l?l?d?d?d?d": -8.5, "?l?d?d?l?d?d?d?d": -11.166666666666666, "?d?d?d?d?d?u?d?d": -0.6, "?s?d?l?l?d?d?d?d": -0.0, "?d?d?l?s?d?d?s?d": -0.0, "?l?d?l?l?d": -14.8, "?d?d?l?l?d?d?s?d": -0.0, "?d?d?l?l?s?d?d?d": -0.0, "?d?d?d?l?d?d?u?d": -0.0, "?l?d?l?l?u?d?d?d": -0.5, "?l?u?d?u?d?d?d?d": -0.14285714285714285, "?l?d?l?l?d?d?u?d": -0.3333333333333333, "?l?d?d?l?d?l?d?d": -4.833333333333333, "?l?d?l?l": -29.4, "?l?d?u?l?s": -0.0, "?l?d?l?l?l": -44.4, "?l?u?l?l?d": -2.6666666666666665, "?l?u?d?l?d?d?d?d": -0.2, "?l?d?l?l?d?l?l?d": -13.0, "?l?d?l?l?d?d?l?d": -8.0, "?l?d?l?d": -17.0, "?l?d?d?l?l": -14.0, "?l?d?s?l": -0.0, "?l?d?l?s?l": -0.2, "?l?s?l?l?l": -3.3333333333333335, "?s?d?l?l?l": -0.0, "?l?d?l?l?u": -1.8333333333333333, "?l?d?s?l?l": -0.0, "?l?d?l?l?s": -0.0, "?l?d?l?l?l?l": -160.83333333333334, "?l?d?l?l?l?u": -2.8, "?s?d?l?l?u": -0.0, "?l?d?l?l?l?l?d?d": -16.625, "?l?d?l?u?l": -2.2, "?l?l?l?l?l": -4385.666666666667, "?d?d?l?l?l": -27.6, "?l?d?u?l?l": -1.8333333333333333, "?s?d?s?l?l": -0.0, "?s?d?l?l?l?l": -0.16666666666666666, "?l?d?l?l?l?l?s?d": -0.0, "?l?l?d?l?l": -59.0, "?l?l?l?l?s": -1.2, "?l?l?l?l?l?l?l?d": -274.3939393939394, "?l?l?s?l?l": -1.1666666666666667, "?l?u?l?l?l": -9.2, "?l?u?l?l?u": -4.333333333333333, "?u?l?l?l?l": -319.0, "?l?d?l?l?l?l?l?d": -31.625, "?l?l?l?s?l": -2.6, "?l?l?l?d?l": -58.333333333333336, "?l?l?l?s?s": -0.2, "?d?l?l?l?l": -46.833333333333336, "?l?l?l?u?l": -4.833333333333333, "?s?l?l?l?l": -2.25, "?l?l?u?l?l": -3.6666666666666665, "?l?l?l?l?l?s?l?d": -0.125, "?l?l?l?l": -2077.6666666666665, "?l?l?l?l?l?u": -15.0, "?s?l?l?l?d": -0.0, "?l?l?l?l?l?u?l?d": -0.10606060606060606, "?s?l?l?u?l": -0.0, "?l?l?l?l?u": -6.0, "?s?l?u?l?l": -0.0, "?l?l?l?l?l?d?l?d": -14.11111111111111, "?d?l?l?s?l": -0.0, "?l?l?l?l?d": -501.3333333333333, "?u?l?l?l": -144.0, "?l?l?l?u?d": -4.333333333333333, "?l?l?u?l?l?u?l?d": -0.09090909090909091, "?l?l?l?l?d?l?l?d": -20.75, "?s?l?s?l?l": -0.0, "?l?l?l?s?l?u": -0.0, "?l?l?l?d?u": -2.5, "?l?l?s?l?u": -0.0, "?l?l?d?s?l": -0.0, "?l?l?l?d?u?u?l?d": -0.0, "?l?l?d?l?l?l?l?d": -13.037037037037036, "?l?l?u?l?l?l?l?d": -0.6666666666666666, "?l?u?l?l?s": -0.0, "?d?l?u?l?l": -0.8333333333333334, "Solution": "Solution(variables=[1, 1, 1, 1, 1, 0, 1, 3],score=[-4385.666666666667],constraints=[])"}