{"?u?l?l?l?l?u": -59.0, "?l?l?d?d?l?l?d?d": -81.66666666666667, "?u?l?s?s?s?s?s?u": -0.0, "?u?l?d?d?d?s?d?d": -0.0, "?d?l?l?s?l?l?u?l": -0.0, "?l?d?l?u?l?l?u": -0.6666666666666666, "?s?l?d?s?u?u?u?u": -0.0, "?l?s?s?u?u?d?l?l": -0.0, "?l?l?d?d?s?l?d?d": -0.0, "?u?l?d?d?l": -1.6666666666666667, "?u?l?l?l?l": -319.0, "?u?l?l?d?l?l?u": -0.2857142857142857, "?l?d?l?l?l?u": -2.8, "?u?l?l?l?s": -0.16666666666666666, "?s?l?u?d?l": -0.0, "?u?l?d?d?l?l?d?d": -1.1428571428571428, "?l?l?d?d?l": -19.8, "?l?l?l?s?l": -2.1666666666666665, "?u?l?l?d?l": -6.0, "?l?l?s?l?u": -0.0, "?l?l?d?d?l?l?u?d": -0.0, "?l?l?l?u?l": -5.8, "?u?l?l?l?u": -6.166666666666667, "?l?l?l?l?l": -5262.8, "?d?l?l?l?l": -46.833333333333336, "?d?l?l?l?s": -0.0, "?u?l?l?l?l?s?u": -0.2222222222222222, "?l?l?s?l?l": -1.4, "?l?u?l?l?l": -7.666666666666667, "?l?l?l?l?l?u?u": -1.5, "?l?l?l?l?l?u?d": -2.5714285714285716, "?l?l?l?l?d?s": -0.4, "?l?s?l?l?l": -3.3333333333333335, "?l?d?l?l?l": -44.4, "?u?u?l?l?l": -8.0, "?l?l?l?l?l?d?u": -1.375, "?s?l?l?l?l": -2.25, "?l?l?l?l": -2077.6666666666665, "?l?l?u?l?l": -4.4, "?s?l?l?l?l?l?u": -0.0, "?l?l?l?l?d": -601.6, "?l?l?l?l?l?l?u": -7.714285714285714, "?l?l?l?l?l?d": -3089.6, "?l?l?l?l?l?u": -12.5, "?d?l?s?l?l": -0.0, "?l?l?l?u": -2.0, "?l?l?l?l?l?s?u": -0.0, "?l?d?l?l": -21.0, "?l?l?s?l?l?u?u": -0.0, "?l?s?l?l?u": -0.0, "?l?l?l?d?l": -70.0, "?l?l?l?l?s": -1.0, "?l?l?l?l?u": -7.2, "?l?s?l?l": -0.6666666666666666, "?l?l?l?l?l?s": -17.166666666666668, "?s?u?l?l?l": -0.25, "?l?l?u?l?l?u?u": -1.0, "?l?d?s?l?l": -0.0, "?l?d?l?u?u": -1.6666666666666667, "?u?s?l?l?l?d": -0.0, "?l?l?d?l?l": -59.0, "?l?l?l?s?l?s?u": -0.0, "?l?l?l?l?u?u?u": -1.8, "?l?l?u?l?d": -2.0, "?l?l?l?s?l?d?u": -0.0, "?l?d?u?l?l": -1.8333333333333333, "?l?s?l?u?l": -0.0, "?s?l?l?u?l": -0.0, "?d?l?l?s?l": -0.0, "?s?l?l?l?l?d": -0.3333333333333333, "?l?l?l?d?l?s": -0.0, "?l?l?l?l?l?l": -14801.5, "?u?l?l?d?l?l": -9.8, "Solution": "Solution(variables=[1, 1, 1, 1, 1, 1, 0, 0],score=[-14801.5],constraints=[])"}