{"?l?l?l?l?l?d?l?d": -15.875, "?d?s?u?d?l?u": -0.0, "?s?s?l?d?d?d?s?s": -0.0, "?s?s?l?s": -0.0, "?d?s?u?d?l?s": -0.0, "?u?l?l?l?l?d?l?d": -0.6875, "?l?l?l?l?l?d?u?d": -0.25, "?l?l?l?l?l?d?s?d": -0.47058823529411764, "?l?l?u?l?l?d?l?d": -0.375, "?l?l?l?l?s?d?l?d": -0.0, "?l?l?l?d?l?d?l?d": -8.692307692307692, "?l?s?l?l?l?d?s?d": -0.0, "?u?l?l?l?l?d": -303.0, "?l?u?l?l?l?d?l?d": -0.24, "?l?l?l?l?u?d": -6.0, "?u?d?l?l?l?d?l?d": -0.75, "?l?l?l?l?l?d": -3089.6, "?u?l?l?l?l?l": -795.8333333333334, "?l?l?l?d?l?d": -66.0, "?u?l?l?l?s?d": -0.6666666666666666, "?l?s?l?l?l?u": -0.4, "?l?l?u?l?l?d": -3.0, "?l?l?l?l?l": -5262.8, "?l?l?d?l?l": -59.0, "?l?s?l?l?l": -4.0, "?d?l?l?l?l": -46.833333333333336, "?s?l?l?l?l?d?l?d": -0.0, "?s?l?l?l?u": -0.0, "?l?l?l?s?l": -2.6, "?u?l?l?l?u": -6.166666666666667, "?s?l?l?l?l?s": -1.2, "?l?l?l?l?s": -1.2, "?l?l?l?l?d": -601.6, "?l?l?u?l?l": -3.6666666666666665, "?l?u?l?l?l": -9.2, "?l?l?l?l?l?u": -12.5, "?u?l?l?l?l": -319.0, "?s?l?l?l?l": -1.8, "?d?l?l?l?l?d": -71.8, "?l?d?l?l?l": -44.4, "?l?l?l?l?l?s?u?d": -0.0, "?l?l?l?d?l": -58.333333333333336, "?l?l?s?l?l": -1.4, "?s?l?l?l": -0.6, "?l?l?l?l?l?l": -17761.8, "?l?l?d?s?l?u": -0.16666666666666666, "?d?l?l?d?l": -4.2, "?l?l?l?u?l": -5.8, "?l?l?u?l?l?l": -5.5, "?l?l?l?d?l?s?u?d": -0.0, "?l?l?l?l?l?l?s?d": -2.2941176470588234, "?l?l?l?l?l?l?l?d": -306.9491525423729, "?l?l?l?s?l?l": -5.166666666666667, "?l?l?l?d?l?l": -222.2, "?l?s?d?l?l?l": -0.2, "?l?l?l?l?l?l?d?d": -1272.4, "?d?l?l?l?l?l": -252.0, "?l?l?l?l?l?s": -20.6, "?s?l?l?l?l?l": -4.8, "?l?d?l?l?l?l": -160.83333333333334, "?l?l?d?l?l?l": -241.4, "?l?l?l?u?u?l": -3.6666666666666665, "?l?u?l?l?l?l": -9.2, "?l?l?s?u?l?l": -0.0, "?s?l?l?u?l?l": -0.0, "?l?l?l?l": -2077.6666666666665, "?l?l?d?l?l?l?u?d": -0.125, "?l?l?l?u?l?l": -8.666666666666666, "?u?l?l?l?l?l?d?d": -130.53333333333333, "?l?l?l?l?l?l?u?d": -1.7, "?l?s?l?l?l?l": -10.6, "?l?l?l?l?u?l": -8.2, "?l?l?l?l?d?l": -305.25, "?l?l?s?l?l?l": -8.0, "?l?l?l?l?s?l": -8.6, "?l?l?u?s?l?l": -0.0, "?l?l?l?u?l?d": -3.8, "?l?l?l?l?d?l?d?d": -21.142857142857142, "?l?l?u?l?l?u": -5.166666666666667, "?l?l?l?l?d?u?d?d": -0.16666666666666666, "?d?l?l?d?l?l": -20.0, "?l?d?u?l?l?l": -2.4, "?u?l?l?l?l?l?l?d": -64.01694915254237, "?l?l?u?l?l?l?u?d": -0.0847457627118644, "?l?l?u?u?l?l": -6.428571428571429, "?l?l?l?d?l?l?u?d": -0.2, "?l?l?l?s?u?l": -0.0, "?l?l?d?l?d?d": -28.4, "Solution": "Solution(variables=[1, 1, 1, 1, 1, 1, 0, 3],score=[-17761.8],constraints=[])"}