{"?d?d?l?l?l?d?d?d": -6.142857142857143, "?u?l?d?d?d?d?d?d": -63.0, "?u?u?l?s?l?u": -0.16666666666666666, "?d?l?l?s": -0.0, "?d?d?s?d?s?d": -0.0, "?u?d?l?l": -0.6, "?d?d?s?u?d?u?d?s": -0.0, "?d?l?l?s?l?u": -0.0, "?u?u?d?l": -0.4, "?u?d?d?l": -0.25, "?d?d?l?l?l?d?l?d": -0.75, "?u?l?d?d?d?u?d?d": -0.0, "?d?d?s?u?d?u?d?d": -0.0, "?u?l?d?d?d?d?d?s": -0.16666666666666666, "?d?l?d?d?d?d?d?s": -0.0, "?u?d?l?l?l?d?l?d": -1.5, "?u?d?d?l?l?d?l?d": -0.2857142857142857, "?d?d?l?d": -1.4, "?s?d?l?l?s?d?d?d": -0.0, "?d?d?l?d?d?d?d?d": -3.6, "?u?l?d?l?l?d?d?d": -1.0, "?s?l?d?d?d?d?d?d": -0.0, "?u?l?d?l": -1.1666666666666667, "?u?l?d?u?d?s?d?d": -0.0, "?u?l?d?d?d?d?l?d": -0.0, "?d?d?l?d?l?l?d?d": -1.4, "?d?d?l?l?l?d": -14.333333333333334, "?u?l?d?d?d?d?s?d": -0.0, "?d?d?l?l?u?d?d?d": -0.0, "?u?l?d?s?d?d?d?d": -0.0, "?u?s?d?d?d?d?d?d": -0.16666666666666666, "?u?l?d?d?d?d?u?d": -0.4, "?u?l?d?l?d?d?s?d": -0.0, "?u?l?u?d?d?d?l?d": -0.16666666666666666, "?u?l?s?d?d?d?d?d": -0.0, "?u?l?d?d?s?d?d?d": -0.0, "?s?l?d?d?d?u?d?d": -0.0, "?l?l?d?d?d?l?d?d": -7.666666666666667, "?u?l?d?d": -0.4, "?u?l?d?d?u?d?d?d": -0.3333333333333333, "?u?d?d?d?d?d?d?d": -21.5, "?u?l?d?d?d?l?l?d": -0.42857142857142855, "?l?u?d?d?d?d?d?d": -3.0, "?u?l?d?d?d?d": -23.0, "?u?l?d?l?d?d?d?d": -0.7142857142857143, "?u?l?d?d?d?l?d?d": -0.2, "?u?l?d?u?d?d?d?d": -0.3333333333333333, "?d?l?d?d?d?d?d?d": -2.2, "?s?l?s?d?d?d?d?d": -0.0, "?l?l?d?d?d?d?d?d": -442.6, "?u?l?u?d?d?d?d?d": -1.2857142857142858, "?u?l?d?d?d?s?d?d": -0.0, "?d?s?d?d?d?d?d?d": -0.16666666666666666, "?l?l?d?s?d?s?d?d": -0.0, "?l?l?d?d?d?d?l?d": -3.8333333333333335, "?l?l?d?d?d?d?u?d": -0.5, "?l?s?d?d?d?d?d?d": -0.8333333333333334, "?l?d?d?d?d?d?s?d": -0.0, "?l?l?l?d?d?d?d?d": -279.57142857142856, "?l?l?d?d?d": -131.8, "?l?l?l?s?u?d?d?d": -0.0, "?l?u?d?d": -0.0, "?l?l?d?d?u?d?d?d": -0.6666666666666666, "?d?l?d?d?s?d?u?d": -0.0, "?l?l?d?u?d?d?d?d": -0.0, "?l?l?d?d?d?l?s?d": -0.0, "?l?l?u?d?d?d?d?d": -1.1666666666666667, "?l?l?d?l": -59.5, "?l?l?d?d?d?u?d?d": -0.42857142857142855, "?l?l?d?d": -63.0, "?l?u?d?u?d?d?d?d": -0.14285714285714285, "?l?d?d?d": -148.75, "?l?l?d?d?s?d?d?d": -0.2857142857142857, "?l?l?s?d?d?l?d?d": -0.0, "?l?l?d?l?d?d?d?d": -9.5, "?l?l?s?d?d?s?d?d": -0.0, "?l?l?d?s?d?d?d?d": -0.14285714285714285, "?l?s?d?d?d?d?l?d": -0.0, "?l?l?s?d?d?d?d?d": -0.16666666666666666, "?l?u?d?d?d?d?u?d": -0.0, "?l?s?u?d?d?d?d?d": -0.0, "?l?l?d?d?d?d?s?d": -0.2857142857142857, "?l?l?d?d?d?d": -1400.75, "?l?l?d?s?d?d?l?d": -0.0, "?l?l?d?d?l?d?u?d": -0.2857142857142857, "?l?l?d?d?d?s?d?d": -0.0, "?l?l?d?d?d?l": -81.75, "?l?l?d?u?d?d?s?d": -0.0, "?l?l?l?d?d?d": -1774.4, "?l?d?d?d?d?d": -179.4, "?l?l?d?d?s?s": -0.0, "?l?l?u?d?d?d": -3.2, "?l?l?l?d?d?u": -1.2, "?l?s?d?d?d?d": -0.8, "?l?u?d?d?d?d": -1.75, "?l?l?l?s?d?d": -5.333333333333333, "?l?l?d?s?u?d": -0.0, "?l?l?l?d?l?d": -52.8, "?l?l?l?d?d?d?s?d": -0.3333333333333333, "?l?l?l?s?u?d": -0.0, "?l?l?s?d?d?d": -3.0, "?s?l?l?d?d?d": -0.16666666666666666, "?l?d?l?d?d?u": -0.2, "?l?u?l?d?d?d": -2.6, "?l?d?l?d?d?d": -13.4, "?l?l?l?d?s?d": -0.6, "?l?l?l?d": -181.0, "?d?u?l?d?d?d": -0.0, "?u?l?l?d?d?d": -35.8, "?l?l?l?d?d?s": -0.4, "?l?l?l?d?d?d?l?d": -18.714285714285715, "?l?l?l?d?d?d?u?d": -0.125, "?l?s?l?d?d?d": -1.0, "?l?l?s?d?d?d?s?d": -0.0, "?l?l?l?d?d?l": -116.25, "?u?l?l?d?l?d": -1.8, "?l?l?l?d?d": -271.4, "?d?l?l?d?d?d": -7.5, "?u?l?l?d?d?d?d?d": -19.0, "?l?l?l?d?d?l?d?d": -18.285714285714285, "?u?l?l?d?d?d?l?d": -0.5714285714285714, "?l?l?l?l?d?d": -3051.5, "?u?l?l?l?d?d": -91.8, "?l?l?l?d?s?l": -0.2, "?l?l?l?l?d?s": -0.4, "?l?l?l?l?l?d": -2574.6666666666665, "?l?l?l?l?d?d?d?d": -2122.0, "?l?s?l?l": -0.6666666666666666, "?l?l?l?l?d?d?u?d": -0.09090909090909091, "?l?l?l?l?d": -501.3333333333333, "?s?l?l?l?d?d": -1.2, "?l?l?d?l?d?d": -28.4, "Solution": "Solution(variables=[1, 1, 1, 1, 3, 3, 0, 3],score=[-3051.5],constraints=[])"}