{"?l?l?d?d?d?l?l?l": -24.4, "?l?d?d?l?d?d?l": -14.8, "?s?l?l?d?s?l?u?s": -0.0, "?u?l?s?l?l?u?l?u": -0.0, "?u?u?s?d?u?l?s?l": -0.0, "?d?s?s?s": -0.0, "?d?s?l?s?s": -0.0, "?s?l?u?u?s?u": -0.0, "?s?u?u?u?s?u": -0.0, "?s?d?d?l?d?d?l": -0.0, "?l?l?l?d?s?s?u?s": -0.0, "?s?l?d?d?d?l?l?l": -0.0, "?s?l?d?d?d?s?l?l": -0.0, "?s?d?s?l": -0.0, "?u?l?s?s": -0.0, "?d?s?s?l?l?u?l?u": -0.0, "?s?s?l?s?d": -0.0, "?l?d?d?u?d?d?l": -0.0, "?d?s?s?s?d?l?l?l": -0.0, "?l?l?d?d": -63.0, "?u?l?d?l?l?u?l?u": -0.46153846153846156, "?l?d?d?l?d?l?l": -6.833333333333333, "?l?d?d?d?d?d?l": -27.4, "?l?s?d?s?d": -0.0, "?l?l?d?u?d?l?l?l": -0.11538461538461539, "?l?d?d?l?d?d?s": -0.0, "?u?l?d?d": -0.3333333333333333, "?l?l?u?d": -0.3333333333333333, "?l?l?d?u": -1.4, "?l?l?u?l": -1.0, "?l?l?d?s?l": -0.0, "?l?l?d?d?s": -0.0, "?s?l?d?d": -0.0, "?l?l?s?d": -0.16666666666666666, "?l?d?d?d": -119.0, "?l?l?l?d": -150.83333333333334, "?l?d?d?s": -0.0, "?u?d?d?s": -0.0, "?s?l?l?d": -0.0, "?l?u?l?d": -0.5, "?u?l?l?d": -3.2, "?d?l?l?d": -3.0, "?l?l?l?u": -2.0, "?l?u?l?d?d": -1.0, "?l?l?l?d?d?l?s?u": -0.0, "?l?s?l?d": -0.0, "?l?d?l?d": -17.0, "?l?l?l?d?s?d?s?u": -0.0, "?l?l?l?s?d": -1.1666666666666667, "?l?l?l?d?s?l?l?u": -0.0, "?l?l?l?s": -1.6666666666666667, "?u?d?u?d": -0.4, "?l?l?l?d?u?l?s?u": -0.0, "?l?l?l?d?d": -193.85714285714286, "?l?l?s?d?l?d?s?u": -0.0, "?l?l?l?d?l?l?s?u": -0.0, "?l?l?u?d?d": -1.4, "?l?l?l?d?d?u?d?u": -0.38461538461538464, "?u?l?l?d?d?l?d?u": -0.0, "?d?l?l?d?d?l?d?u": -0.0, "?d?u?l?d?d": -0.0, "?d?l?l?d?d": -2.5, "?l?l?l?d?s?l?s?u": -0.0, "?s?l?l?d?d": -0.0, "?u?l?l?d?d": -6.0, "?u?l?l?u?d": -3.8, "?l?s?l?d?d": -0.3333333333333333, "?s?l?l?d?d?l?d?u": -0.0, "?l?l?l?d?u": -2.5, "?l?l?d?d?d": -131.8, "?l?l?l?d?s": -0.0, "?u?l?l?d?d?s?d?u": -0.0, "?l?l?l?d?l?u?d?u": -0.07407407407407407, "?l?l?l?d?l": -70.0, "?l?l?l?d?d?s?d?u": -0.0, "?l?l?l?d?d?l?u?u": -0.23076923076923078, "?l?s?l?s?d": -0.16666666666666666, "?l?l?d?l?d": -12.666666666666666, "?l?l?l?d?d?l?l?u": -0.375, "?l?l?l?d?d?d?d?u": -1.0, "?l?l?l?d?d?u?l?u": -0.375, "?u?l?l?s?d": -0.3333333333333333, "?l?d?l?d?d": -8.0, "?l?l?s?d?d": -0.3333333333333333, "?u?l?l?d?s": -0.0, "?l?l?l?u?d": -4.333333333333333, "?l?l?l?d?d?l?d?u": -0.375, "?l?l?l?l?d": -501.3333333333333, "?s?d?l?d?d": -0.0, "?l?l?s?l?d": -0.16666666666666666, "?l?l?l?l?l": -5262.8, "?l?l?l?l?d?u?d?u": -0.07407407407407407, "?l?l?l?l?d?l?d?u": -0.2857142857142857, "?d?l?l?u?d": -1.1666666666666667, "?l?l?l?l": -2493.2, "?d?l?l?l?d": -8.666666666666666, "?l?l?u?l?d": -2.0, "?l?u?l?l?d": -2.6666666666666665, "?l?l?d?l": -39.666666666666664, "?u?l?l?l": -120.0, "?l?l?l?u?l": -4.833333333333333, "?l?l?l?l?l?l?d?u": -0.19696969696969696, "?l?l?l?l?d?s?d?u": -0.0, "?l?l?u?l?l": -4.4, "?l?l?l?l?d?l?l?u": -0.06060606060606061, "Solution": "Solution(variables=[1, 1, 1, 1, 1, 0, 3, 2],score=[-5262.8],constraints=[])"}