Iteracion;Puntuacion;Array
0;-13864.158132799554;[1, 1, 1, 1, 1, 1, 0, 2]
1;-13864.158132799554;[1, 1, 1, 1, 1, 1, 0, 0]
2;-13864.158132799554;[1, 1, 1, 1, 1, 1, 0, 0]
3;-13864.158132799554;[1, 1, 1, 1, 1, 1, 0, 4]
4;-12633.815880314962;[3, 3, 3, 3, 3, 3, 0, 4]
5;-13864.158132799554;[1, 1, 1, 1, 1, 1, 0, 2]
6;-13864.158132799554;[1, 1, 1, 1, 1, 1, 0, 0]
7;-13864.158132799554;[1, 1, 1, 1, 1, 1, 0, 4]
8;-13864.158132799554;[1, 1, 1, 1, 1, 1, 0, 2]
9;-13864.158132799554;[1, 1, 1, 1, 1, 1, 0, 0]
